Date,AAPL,MSFT,AMZN,GOOGL,NVDA,JPM,TSLA,TSM
2015-01-02,24.745994567871094,41.1938362121582,308.5199890136719,529.5499877929688,4.839469909667969,51.89316177368164,43.86199951171875,17.87660789489746
2015-01-05,24.048866271972656,40.81503677368164,302.19000244140625,519.4600219726562,4.757732391357422,50.28214263916016,42.01800155639648,17.443334579467773
2015-01-06,24.05112838745117,40.21596908569336,295.2900085449219,506.6400146484375,4.613484859466553,48.97837066650391,42.25600051879883,17.138437271118164
2015-01-07,24.388376235961918,40.72692489624024,298.4200134277344,505.1499938964844,4.60146427154541,49.0531120300293,42.18999862670898,17.38716697692871
2015-01-08,25.32542991638184,41.92504119873047,300.4599914550781,506.9100036621094,4.774559497833252,50.14927291870117,42.124000549316406,17.499496459960938
2015-01-09,25.35259437561035,41.57265090942383,296.92999267578125,500.7200012207031,4.793792724609375,49.27732467651367,41.33200073242188,17.010059356689453
2015-01-12,24.727888107299805,41.05287551879883,291.4100036621094,497.05999755859375,4.73369026184082,48.853816986083984,40.44200134277344,16.681093215942383
2015-01-13,24.947439193725582,40.84144592285156,294.739990234375,501.7999877929688,4.726476669311523,48.86212539672852,40.84999847412109,16.889705657958984
2015-01-14,24.85237693786621,40.489070892333984,293.2699890136719,505.9299926757813,4.745710849761963,47.17635345458984,38.53799819946289,16.897727966308594
2015-01-15,24.17788314819336,40.06620407104492,286.95001220703125,504.010009765625,4.712052822113037,45.664981842041016,38.374000549316406,18.366050720214844
2015-01-16,23.990009307861328,40.73574066162109,290.739990234375,510.4599914550781,4.798600673675537,46.445587158203125,38.61399841308594,18.133363723754883
2015-01-20,24.607929229736328,40.86788177490234,289.44000244140625,509.9400024414063,4.813025951385498,46.262882232666016,38.38600158691406,18.526517868041992
2015-01-21,24.79579162597656,40.453834533691406,297.25,520.3900146484375,4.880340099334717,46.4123649597168,39.31399917602539,18.622806549072266
2015-01-22,25.440866470336918,41.51979446411133,310.32000732421875,537.2999877929688,4.964483261108398,47.82408905029297,40.32400131225586,19.023983001708984
2015-01-23,25.5721435546875,41.563846588134766,312.3900146484375,541.9500122070312,4.978909969329834,47.068397521972656,40.257999420166016,19.248647689819336
2015-01-26,25.59930229187012,41.41407012939453,309.6600036621094,536.719970703125,4.957272052764893,47.14313888549805,41.310001373291016,19.385046005249023
2015-01-27,24.70298957824707,37.58188629150391,306.75,521.1900024414062,4.719264507293701,46.66979598999024,41.19599914550781,19.409120559692383
2015-01-28,26.09952163696289,36.2868766784668,303.9100036621094,512.4299926757812,4.642334938049316,45.46567535400391,39.874000549316406,19.20050621032715
2015-01-29,26.912092208862305,37.0092658996582,311.7799987792969,513.22998046875,4.755328178405762,46.22966766357422,41.040000915527344,18.686992645263672
2015-01-30,26.518259048461918,35.59090805053711,354.5299987792969,537.5499877929688,4.615889549255371,45.158424377441406,40.720001220703125,18.22162437438965
2015-02-02,26.850980758666992,36.36615753173828,364.4700012207031,532.2000122070312,4.716861724853516,46.06358337402344,42.1879997253418,18.406169891357425
2015-02-03,26.855506896972656,36.648067474365234,363.5499877929688,533.2999877929688,4.834662437438965,47.10161972045898,43.672000885009766,18.57466125488281
2015-02-04,27.06147575378418,36.85950469970703,364.75,526.0999755859375,4.846682071685791,46.81927490234375,43.709999084472656,18.919679641723636
2015-02-05,27.25462913513184,37.39688491821289,373.8900146484375,529.8300170898438,4.926018714904785,47.14313888549805,44.198001861572266,18.98386573791504
2015-02-06,27.025121688842773,37.36165237426758,374.2799987792969,533.8800048828125,4.90438175201416,48.07320785522461,43.47200012207031,18.5345458984375
2015-02-09,27.20463752746582,37.31760025024414,370.55999755859375,529.280029296875,4.899572372436523,48.01509475708008,43.49599838256836,18.18952751159668
2015-02-10,27.727279663085938,37.52901840209961,373.0,540.1599731445312,5.036607265472412,48.54655075073242,43.257999420166016,19.14434242248535
2015-02-11,28.377174377441406,37.3352165222168,375.1400146484375,538.0,5.002948760986328,48.47182083129883,42.560001373291016,19.489355087280277
2015-02-12,28.736204147338867,37.960693359375,377.1700134277344,546.010009765625,5.361162185668945,49.46832656860352,40.57600021362305,19.63377952575684
2015-02-13,28.877086639404297,38.64785385131836,381.8299865722656,551.1599731445312,5.3635663986206055,49.551368713378906,40.75400161743164,19.93065643310547
2015-02-17,29.04751205444336,38.66559982299805,375.4299926757813,545.010009765625,5.380395412445068,49.90844345092773,40.869998931884766,19.874488830566406
2015-02-18,29.24975204467773,38.621238708496094,373.3699951171875,542.6500244140625,5.317888259887695,49.3022346496582,40.891998291015625,19.82634925842285
2015-02-19,29.188405990600582,38.59461975097656,379.0,546.4500122070312,5.33231258392334,49.185977935791016,42.34199905395508,19.67389678955078
2015-02-20,29.427001953125,38.91403579711914,383.6600036621094,541.7999877929688,5.370779514312744,49.65933227539063,43.422000885009766,19.60971069335937
2015-02-23,30.222320556640625,39.17132186889648,380.1400146484375,535.0,5.327503681182861,49.28562927246094,41.46799850463867,19.43319129943848
2015-02-24,30.033716201782227,39.11808776855469,378.5899963378906,538.6500244140625,5.384218692779541,50.5063591003418,40.821998596191406,20.09112930297852
2015-02-25,29.26565933227539,39.02937316894531,385.3699951171875,547.3300170898438,5.343191146850586,50.77208709716797,40.75199890136719,20.09112930297852
2015-02-26,29.63605499267578,39.09147262573242,384.7999877929688,559.2899780273438,5.357671737670898,51.13748550415039,41.4379997253418,19.802276611328125
2015-02-27,29.190677642822266,38.9051513671875,380.1600036621094,562.6300048828125,5.323884963989258,50.88834381103516,40.667999267578125,19.68191909790039
2015-03-02,29.333837509155277,38.9317741394043,385.6600036621094,575.02001953125,5.454205513000488,51.295257568359375,39.46599960327149,19.762157440185547
2015-03-03,29.395183563232425,38.39942932128906,384.6099853515625,578.7899780273438,5.352844715118408,51.46134185791016,39.9119987487793,19.65785026550293
2015-03-04,29.20884895324707,38.20424270629883,382.7200012207031,578.3300170898438,5.413179874420166,51.59421157836914,40.48799896240234,19.52145004272461
2015-03-05,28.724842071533203,38.24860382080078,387.8299865722656,581.4299926757812,5.516952991485596,51.48625564575195,40.1259994506836,19.625755310058597
2015-03-06,28.768016815185547,37.58317184448242,380.0899963378906,572.9000244140625,5.442137718200684,50.564491271972656,38.7760009765625,19.328882217407227
2015-03-09,28.89072036743164,38.01791763305664,378.55999755859375,574.0999755859375,5.4566192626953125,51.071044921875,38.17599868774414,18.81536865234375
2015-03-10,28.29309844970703,37.29038619995117,369.510009765625,559.8499755859375,5.550741195678711,49.79218673706055,38.06399917602539,18.494422912597656
2015-03-11,27.77726936340332,37.24602890014648,366.3699951171875,555.6900024414062,5.521780014038086,50.02471160888672,38.74800109863281,18.84746742248535
2015-03-12,28.279464721679688,36.39427947998047,374.239990234375,561.1699829101562,5.471099853515625,50.96309280395508,38.2140007019043,18.87956047058105
2015-03-13,28.084030151367188,36.71369552612305,370.5799865722656,553.0,5.478340148925781,50.65582656860352,37.73600006103516,19.16038703918457
2015-03-16,28.39307403564453,36.873382568359375,373.3500061035156,561.6400146484375,5.5435004234313965,51.3616828918457,39.13999938964844,19.48133087158203
2015-03-17,28.86800193786621,36.99760055541992,371.9200134277344,557.6099853515625,5.611074924468994,51.162391662597656,38.94599914550781,19.505401611328125
2015-03-18,29.19294548034668,37.70738983154297,375.1400146484375,566.1599731445312,5.519365787506104,51.27864837646485,40.141998291015625,19.82634925842285
2015-03-19,28.972532272338867,37.52106857299805,373.239990234375,563.6699829101562,5.603835105895996,50.82190704345703,39.130001068115234,19.78622817993164
2015-03-20,28.60895538330078,38.044532775878906,378.489990234375,564.9500122070312,5.664168357849121,51.27864837646485,39.61600112915039,19.874488830566406
2015-03-23,28.90663146972656,38.02679443359375,375.1099853515625,565.3699951171875,5.480752944946289,50.77208709716797,39.92599868774414,19.8985595703125
2015-03-24,28.78846740722656,38.06228256225586,374.0899963378906,577.5399780273438,5.405938625335693,50.2073974609375,40.34400177001953,19.65785026550293
2015-03-25,28.03631591796875,36.78466033935547,370.9599914550781,567.0,5.077722072601318,49.50154113769531,38.86000061035156,18.59873580932617
2015-03-26,28.231739044189453,36.56286239624024,367.3500061035156,563.6400146484375,5.060827732086182,49.44341659545898,38.08200073242188,18.614782333374023
2015-03-27,28.006778717041016,36.34992599487305,370.55999755859375,557.5499877929688,5.159775733947754,49.45171737670898,37.0,18.406169891357425
2015-03-30,28.71575355529785,36.34104919433594,374.5899963378906,561.1400146484375,5.181495666503906,50.62260818481445,38.11399841308594,18.6549015045166
2015-03-31,28.2749137878418,36.07488250732422,372.1000061035156,554.7000122070312,5.051175117492676,50.30706024169922,37.75400161743164,18.83944320678711
2015-04-01,28.234010696411133,36.12811279296875,370.260009765625,549.489990234375,5.070480823516846,50.11478042602539,37.51800155639648,18.63884735107422
2015-04-02,28.47715377807617,35.74660110473633,372.25,541.3099975585938,5.08254861831665,50.59127807617188,38.20000076293945,19.00793838500977
2015-04-06,28.93844223022461,36.86452102661133,377.0400085449219,543.9500122070312,5.229763507843018,50.54947662353516,40.619998931884766,18.88758659362793
2015-04-07,28.63395118713379,36.846778869628906,374.4100036621094,544.8599853515625,5.275616645812988,50.867130279541016,40.650001525878906,18.76723289489746
2015-04-08,28.54077911376953,36.74917221069336,381.2000122070313,548.8400268554688,5.314230918884277,51.03432846069336,41.53400039672852,18.614782333374023
2015-04-09,28.75892448425293,36.80241394042969,383.5400085449219,548.02001953125,5.437312602996826,51.38541030883789,42.01800155639648,18.807348251342773
2015-04-10,28.881637573242188,37.01534652709961,382.6499938964844,548.5399780273438,5.492820262908936,51.57767868041992,42.18000030517578,18.855491638183597
2015-04-13,28.824827194213867,37.05083847045898,382.3599853515625,548.6400146484375,5.442137718200684,51.88698959350586,41.95600128173828,18.719087600708008
2015-04-14,28.699848175048828,36.95323944091797,385.1099853515625,539.780029296875,5.396286487579346,52.697845458984375,41.492000579833984,18.59873580932617
2015-04-15,28.80891990661621,37.49444961547852,383.4500122070313,541.0399780273438,5.461446762084961,53.6759033203125,41.56600189208984,18.86351585388184
2015-04-16,28.670307159423828,37.40571212768555,386.0400085449219,543.52001953125,5.427659511566162,53.34152603149414,41.34000015258789,18.64687156677246
2015-04-17,28.34762382507324,36.92662811279297,375.55999755859375,532.739990234375,5.357671737670898,52.5306510925293,41.358001708984375,18.63082695007324
2015-04-20,28.99524688720703,38.07115173339844,389.510009765625,544.530029296875,5.331125736236572,52.86503601074219,41.05400085449219,18.670948028564453
2015-04-21,28.83846092224121,37.83159637451172,391.1799926757813,542.9199829101562,5.323884963989258,52.08761215209961,41.88199996948242,18.719087600708008
2015-04-22,29.227033615112305,38.14213943481445,389.7999877929688,549.1799926757812,5.384218692779541,52.61425018310547,43.88800048828125,19.128292083740234
2015-04-23,29.465635299682617,38.45265197753906,389.989990234375,557.4600219726562,5.362499237060547,52.49722671508789,43.720001220703125,19.497377395629883
2015-04-24,29.6042423248291,42.47183227539063,445.1000061035156,573.6599731445312,5.316644191741943,52.33002853393555,43.68600082397461,19.986820220947266
2015-04-27,30.142793655395508,42.61378860473633,438.55999755859375,566.1199951171875,5.357671737670898,52.1126823425293,46.310001373291016,20.38800430297852
2015-04-28,29.66786766052246,43.61636352539063,429.30999755859375,564.3699951171875,5.384218692779541,52.46377944946289,46.09600067138672,20.06705665588379
2015-04-29,29.23157501220703,43.52763366699219,429.3699951171875,561.3900146484375,5.343191146850586,53.165977478027344,46.4900016784668,19.89053726196289
2015-04-30,28.438526153564453,43.15499877929688,421.7799987792969,548.77001953125,5.357671737670898,52.88175201416016,45.209999084472656,19.60971069335937
2015-05-01,29.302017211914062,43.17275238037109,422.8699951171875,551.1599731445312,5.490406513214111,53.1743392944336,45.20600128173828,19.850418090820312
2015-05-04,29.24520874023437,42.800106048583984,423.0400085449219,552.8400268554688,5.4566192626953125,54.10224151611328,46.10200119018555,19.513427734375
2015-05-05,28.58623504638672,42.23228073120117,421.1900024414063,543.0399780273438,5.316644191741943,53.8347282409668,46.59000015258789,19.489355087280277
2015-05-06,28.406715393066406,41.061126708984375,419.1000061035156,535.0800170898438,5.33353853225708,53.433475494384766,46.08599853515625,19.617734909057617
2015-05-07,28.58241271972656,41.43376541137695,426.8800048828125,542.0399780273438,5.427659511566162,53.91831970214844,47.36000061035156,19.553543090820312
2015-05-08,29.12093162536621,42.3653564453125,433.6900024414063,548.9500122070312,5.027040004730225,54.74591827392578,47.321998596191406,19.69797134399414
2015-05-11,28.82428932189941,42.02821731567383,432.8500061035156,545.780029296875,4.978773593902588,54.71247482299805,47.89799880981445,19.553543090820312
2015-05-12,28.721609115600582,42.01047134399414,431.0199890136719,538.72998046875,5.027040004730225,54.63724136352539,48.948001861572266,19.56156349182129
2015-05-13,28.753551483154297,42.258888244628906,426.8699951171875,539.489990234375,5.05600118637085,54.77098846435547,48.63600158691406,19.60971069335937
2015-05-14,29.424415588378903,43.22597885131836,432.2799987792969,549.2000122070312,5.138055801391602,55.21404266357422,48.81999969482422,19.58563995361328
2015-05-15,29.38334274291992,42.85333633422852,426.0,546.489990234375,5.140467643737793,55.071922302246094,49.76800155639648,19.70599365234375
2015-05-18,29.707368850708008,42.59603500366211,425.239990234375,546.6699829101562,5.1332292556762695,55.52334213256836,49.75,19.58563995361328
2015-05-19,29.67998504638672,42.4888801574707,421.7099914550781,549.280029296875,5.10122537612915,56.01655197143555,49.428001403808594,19.730064392089844
2015-05-20,29.677698135375977,42.4888801574707,423.8599853515625,552.510009765625,5.10122537612915,55.5734977722168,48.869998931884766,19.722042083740234
2015-05-21,29.98118019104004,42.34599304199219,431.6300048828125,556.8099975585938,5.06485652923584,55.71560287475586,49.124000549316406,19.44923591613769
2015-05-22,30.24359893798828,41.88164520263672,427.6300048828125,554.52001953125,5.057582855224609,55.56513214111328,49.54600143432617,19.417144775390625
2015-05-26,29.57729721069336,41.60481643676758,425.4700012207031,547.1900024414062,5.026063442230225,54.94654083251953,49.492000579833984,19.46528434753418
2015-05-27,30.129499435424805,42.51567077636719,431.4200134277344,554.25,5.295187950134277,55.56513214111328,49.48600006103516,19.738086700439453
2015-05-28,30.070178985595703,42.37278366088867,426.5700073242188,554.1799926757812,5.367923259735107,55.33943176269531,50.290000915527344,19.617734909057617
2015-05-29,29.727903366088867,41.84591674804688,429.2300109863281,545.3200073242188,5.365499019622803,54.98833084106445,50.15999984741211,19.48133087158203
2015-06-01,29.787221908569336,42.17633819580078,430.9200134277344,549.2100219726562,5.426112174987793,55.23911285400391,49.88999938964844,19.369001388549805
2015-06-02,29.65489196777344,41.89950180053711,430.989990234375,553.9500122070312,5.31943416595459,55.188961029052734,49.66999816894531,18.991891860961918
2015-06-03,29.691394805908203,41.83698654174805,436.5899963378906,555.2899780273438,5.261243343353272,55.75740814208984,49.79800033569336,18.98386573791504
2015-06-04,29.51797103881836,41.39942169189453,430.7799987792969,551.6900024414062,5.355802536010742,55.4481086730957,49.18399810791016,18.43825912475586
2015-06-05,29.355958938598636,41.20296096801758,426.9500122070313,549.530029296875,5.397018909454346,56.35927963256836,49.82799911499024,18.34197998046875
2015-06-08,29.16200256347656,40.83683395385742,423.5,543.47998046875,5.273366451263428,55.91622924804688,51.257999420166016,18.173480987548828
2015-06-09,29.075294494628903,40.76538848876953,425.4800109863281,542.1599731445312,5.300036430358887,56.15864562988281,51.20000076293945,18.317907333374023
2015-06-10,29.40844345092773,41.62266540527344,430.7699890136719,552.5999755859375,5.205479621887207,57.06147766113281,50.13999938964844,18.719087600708008
2015-06-11,29.34227180480957,41.47085952758789,432.9700012207031,550.0399780273438,5.261243343353272,57.27882766723633,50.28200149536133,18.86351585388184
2015-06-12,29.01824951171875,41.05115509033203,429.9200134277344,547.469970703125,5.118196487426758,57.0531005859375,50.13800048828125,18.991891860961918
2015-06-15,28.961200714111328,40.61357498168945,423.6700134277344,543.0,5.108498573303223,56.83576583862305,50.07600021362305,18.662925720214844
2015-06-16,29.116365432739254,40.92612838745117,427.260009765625,544.8699951171875,5.171536445617676,57.15343475341797,50.624000549316406,18.919679641723636
2015-06-17,29.047914505004883,41.05115509033203,427.80999755859375,546.5999755859375,5.232150077819824,56.96115112304688,52.08200073242188,18.935726165771484
2015-06-18,29.180259704589844,41.72089767456055,439.3900146484375,556.1799926757812,5.31943416595459,57.49616241455078,52.37799835205078,19.06410026550293
2015-06-19,28.88817977905273,41.167236328125,434.9200134277344,557.52001953125,5.302461624145508,56.9109992980957,52.50199890136719,18.77525520324707
2015-06-22,29.118650436401367,41.28333282470703,436.2900085449219,559.6799926757812,5.280640602111816,57.646629333496094,51.95800018310547,19.128292083740234
2015-06-23,28.986299514770508,40.9975814819336,445.989990234375,563.3900146484375,5.144866466522217,58.30702972412109,53.53400039672852,19.20050621032715
2015-06-24,29.232742309570312,40.75646209716797,440.8399963378906,558.5700073242188,5.093950748443604,57.69679260253906,53.03400039672852,19.17643165588379
2015-06-25,29.093549728393555,40.76538848876953,440.1000061035156,557.9500122070312,5.132744789123535,57.387481689453125,53.757999420166016,19.320859909057617
2015-06-26,28.922409057617188,40.41713333129883,438.1000061035156,553.0599975585938,5.028489112854004,57.63826370239258,53.417999267578125,18.95979881286621
2015-06-29,28.41583633422852,39.62235641479492,429.8599853515625,541.25,4.878168106079102,56.17536926269531,52.40399932861328,18.52764892578125
2015-06-30,28.6212100982666,39.425899505615234,434.0899963378906,540.0399780273438,4.875742435455322,56.643497467041016,53.652000427246094,18.800844192504883
2015-07-01,28.88817977905273,39.693790435791016,437.3900146484375,543.2999877929688,4.946054935455322,57.27455139160156,53.83000183105469,18.98297882080078
2015-07-02,28.851673126220703,39.649147033691406,437.7099914550781,547.3400268554688,4.950904369354248,56.81177520751953,56.00400161743164,19.16510581970215
2015-07-06,28.75127220153809,39.64021682739258,436.0400085449219,545.6199951171875,4.8902907371521,56.65192413330078,55.94400024414063,18.991254806518555
2015-07-07,28.680532455444336,39.559852600097656,436.7200012207031,550.030029296875,4.798158168792725,56.20597457885742,53.57600021362305,19.00780868530273
2015-07-08,27.968595504760746,39.50627136230469,429.7000122070313,541.7000122070312,4.764214515686035,55.0532455444336,50.992000579833984,18.403465270996094
2015-07-09,27.39813995361328,39.75630569458008,434.3900146484375,544.6500244140625,4.70602560043335,55.62539291381836,51.58399963378906,18.395191192626957
2015-07-10,28.13060569763184,39.83666229248047,443.510009765625,556.1099853515625,4.788459777832031,56.41632080078125,51.83000183105469,18.684946060180664
2015-07-13,28.673688888549805,40.66716766357422,455.5700073242188,571.72998046875,4.819979190826416,57.29138946533203,52.43199920654297,18.925029754638672
2015-07-14,28.662277221679688,40.73859405517578,465.5700073242188,584.1799926757812,4.8224029541015625,58.090702056884766,53.130001068115234,18.87535285949707
2015-07-15,28.93838119506836,40.8636360168457,461.1900024414063,583.9600219726562,4.788459777832031,58.21693801879883,52.62799835205078,18.676664352416992
2015-07-16,29.324012756347656,41.66732025146485,475.4800109863281,601.780029296875,4.895139694213867,58.52824783325195,53.33599853515625,18.817401885986328
2015-07-17,29.57729721069336,41.6316032409668,483.010009765625,699.6199951171875,4.866044044494629,58.23375701904297,54.93199920654297,19.06576538085937
2015-07-20,30.1363582611084,41.89950180053711,488.1000061035156,692.8400268554688,4.77633810043335,58.27583312988281,56.45199966430664,18.958139419555664
2015-07-21,29.83515167236328,42.220977783203125,488.0,695.3499755859375,4.798158168792725,58.14120101928711,53.354000091552734,18.941585540771484
2015-07-22,28.57328414916992,40.66716766357422,488.2699890136719,695.0999755859375,4.70602560043335,58.96577453613281,53.57400131225586,18.395191192626957
2015-07-23,28.559600830078125,41.176177978515625,482.1799926757813,674.72998046875,4.764214515686035,58.59555816650391,53.43999862670898,18.46969985961914
2015-07-24,28.408992767333984,41.02436065673828,529.4199829101562,654.77001953125,4.7084503173828125,57.98134231567383,53.08200073242188,17.915027618408203
2015-07-27,28.014232635498047,40.49749374389648,531.4099731445312,658.27001953125,4.681779861450195,57.22406768798828,50.60200119018555,17.906747817993164
2015-07-28,28.15342712402344,40.48856735229492,526.030029296875,659.6599731445312,4.783609390258789,57.25774002075195,52.9640007019043,18.11371612548828
2015-07-29,28.064434051513672,41.3369026184082,529.0,661.4299926757812,4.841798305511475,58.006591796875,52.76399993896485,18.30412483215332
2015-07-30,27.922962188720703,41.86378479003906,536.760009765625,664.5599975585938,4.853922367095947,58.090702056884766,53.358001708984375,18.79256629943848
2015-07-31,27.67880249023437,41.70304489135742,536.1500244140625,657.5,4.836948871612549,57.66160583496094,53.22999954223633,18.30412483215332
2015-08-03,27.02619361877441,41.80126953125,535.030029296875,664.719970703125,4.919384956359863,57.66160583496094,51.99800109863281,17.98126220703125
2015-08-04,26.15910148620605,42.45315933227539,531.9000244140625,661.280029296875,4.93878173828125,57.60270690917969,53.25600051879883,17.757734298706055
2015-08-05,26.33251571655273,42.4888801574707,537.010009765625,673.2899780273438,4.989696025848389,57.82988357543945,54.0260009765625,17.89019203186035
2015-08-06,26.389816284179688,41.6316032409668,529.4600219726562,670.1500244140625,4.958178043365479,57.42599868774414,49.22600173950195,17.61699676513672
2015-08-07,26.479209899902344,41.738765716552734,522.6199951171875,664.3900146484375,5.571584224700928,57.25774002075195,48.50199890136719,17.410032272338867
2015-08-10,27.44192695617676,42.2656364440918,524.0,663.1400146484375,5.765546798706055,57.96450805664063,48.22800064086914,17.89019203186035
2015-08-11,26.013900756835938,41.44407272338867,527.4600219726562,690.2999877929688,5.736453533172607,57.409175872802734,47.4739990234375,17.244455337524414
2015-08-12,26.415027618408203,41.738765716552734,525.9099731445312,691.469970703125,5.75100040435791,56.5761833190918,47.63399887084961,17.1782283782959
2015-08-13,26.394407272338867,41.72983551025391,529.6599731445312,686.510009765625,5.702510356903076,56.837013244628906,48.50199890136719,17.00437355041504
2015-08-14,26.58006858825684,41.97093200683594,531.52001953125,689.3699951171875,5.707359790802002,57.12309646606445,48.630001068115234,16.871917724609375
2015-08-17,26.855131149291992,42.25671005249024,535.219970703125,694.1099853515625,5.67099142074585,57.27455139160156,50.99800109863281,16.78912925720215
2015-08-18,26.70384788513184,42.49040603637695,535.02001953125,688.72998046875,5.619375228881836,57.392356872558594,52.14400100708008,16.58216094970703
2015-08-19,26.36231231689453,41.89714431762695,532.9199829101562,694.0399780273438,5.597462177276611,56.879093170166016,51.04999923706055,16.482820510864258
2015-08-20,25.82136344909668,41.04319763183594,515.780029296875,679.47998046875,5.395378112792969,55.482364654541016,48.43600082397461,16.234460830688477
2015-08-21,24.24204635620117,38.71508407592773,494.4700012207031,644.030029296875,5.227381706237793,53.51346206665039,46.15399932861328,15.630118370056152
2015-08-24,23.636919021606445,37.46562194824219,463.3699951171875,618.1099853515625,5.042340278625488,50.69475555419922,43.77399826049805,15.530774116516112
2015-08-25,23.779029846191406,36.37798690795898,466.3699951171875,612.469970703125,4.937649250030518,50.40866470336914,44.00600051879883,15.530774116516112
2015-08-26,25.142871856689453,38.3914794921875,500.7699890136719,659.739990234375,5.310162544250488,52.932899475097656,44.96799850463867,16.101999282836914
2015-08-27,25.883249282836918,39.46114730834961,518.3699951171875,667.9600219726562,5.509810924530029,54.25391387939453,48.59799957275391,16.507658004760742
2015-08-28,25.96805763244629,39.48812484741211,518.010009765625,659.6900024414062,5.534158229827881,53.95941162109375,49.69599914550781,16.557327270507812
2015-08-31,25.846574783325195,39.11957550048828,512.8900146484375,647.8200073242188,5.473289489746094,53.93416595458984,49.8120002746582,16.45798110961914
2015-09-01,24.69131851196289,37.59147262573242,496.5400085449219,629.5599975585938,5.249294757843018,51.70444488525391,47.72600173950195,16.06888771057129
2015-09-02,25.750301361083984,38.97575759887695,510.5499877929688,644.9099731445312,5.407552242279053,52.64681625366211,49.53799819946289,16.507658004760742
2015-09-03,25.298742294311523,39.10160446166992,504.7200012207031,637.0499877929688,5.422161102294922,52.7393684387207,49.11399841308594,16.615278244018555
2015-09-04,25.046602249145508,38.30159759521485,499.0,628.9600219726562,5.295553684234619,51.74652099609375,48.38600158691406,16.284133911132812
2015-09-08,25.743423461914062,39.45217514038086,517.5399780273438,643.8800048828125,5.521984577178955,53.143253326416016,49.63399887084961,16.598722457885742
2015-09-09,25.24831199645996,38.71508407592773,516.8900146484375,643.4099731445312,5.41242265701294,52.31866836547852,49.78200149536133,16.45798110961914
2015-09-10,25.803024291992188,38.912845611572266,522.239990234375,651.0800170898438,5.49763822555542,52.7225456237793,49.69599914550781,16.308971405029297
2015-09-11,26.17893409729004,39.08362579345703,529.4400024414062,655.2999877929688,5.514680862426758,52.63840103149414,50.04800033569336,16.47454261779785
2015-09-14,26.431076049804688,38.6881217956543,521.3800048828125,652.469970703125,5.524420261383057,52.4869499206543,50.63800048828125,16.590444564819336
2015-09-15,26.65342140197754,39.53307342529297,522.3699951171875,665.0700073242188,5.5852885246276855,53.49663543701172,50.7140007019043,16.880197525024414
2015-09-16,26.683218002319336,39.82072067260742,527.3900146484375,665.52001953125,5.624244689941406,53.96783447265625,52.45000076293945,17.111997604370117
2015-09-17,26.11246681213379,39.77577209472656,538.8699951171875,671.6699829101562,5.67537260055542,52.714134216308594,52.41400146484375,17.10371971130371
2015-09-18,26.004732131958008,39.08362579345703,540.260009765625,660.9199829101562,5.670504093170166,51.27532577514648,52.124000549316406,17.06232261657715
2015-09-21,26.408153533935547,39.6499252319336,548.3900146484375,666.97998046875,5.728938102722168,51.70444488525391,52.84000015258789,16.996095657348633
2015-09-22,25.99327278137207,39.46114730834961,538.4000244140625,653.2000122070312,5.573115348815918,51.25008010864258,52.1879997253418,16.515933990478516
2015-09-23,26.20414924621582,39.4341926574707,536.0700073242188,653.2899780273438,5.599897861480713,51.02290344238281,52.21200180053711,16.565608978271484
2015-09-24,26.36001968383789,39.47014617919922,533.75,654.9099731445312,5.707025527954102,50.66950607299805,52.624000549316406,16.549047470092773
2015-09-25,26.293546676635746,39.49711990356445,524.25,640.1500244140625,5.748415470123291,51.72127151489258,51.38199996948242,16.598722457885742
2015-09-28,25.773223876953125,38.912845611572266,504.05999755859375,624.25,5.672937870025635,50.46757888793945,49.68600082397461,16.251018524169922
2015-09-29,24.998470306396484,39.04767608642578,496.0700073242188,622.6099853515625,5.772762298583984,50.34978103637695,49.33000183105469,16.46626091003418
2015-09-30,25.282697677612305,39.784759521484375,511.8900146484375,638.3699951171875,6.00162935256958,51.30057144165039,49.68000030517578,17.1782283782959
2015-10-01,25.117656707763672,40.09935760498047,520.719970703125,642.0,5.884762287139893,51.67920303344727,47.97600173950195,17.269296646118164
2015-10-02,25.30103302001953,40.96229934692383,532.5399780273438,656.989990234375,6.038148403167725,51.53512573242188,49.51399993896485,17.186508178710938
2015-10-05,25.392719268798828,41.91512298583984,543.6799926757812,671.6799926757812,6.189102649688721,52.560577392578125,49.22999954223633,17.716341018676758
2015-10-06,25.514205932617188,42.02299499511719,537.47998046875,671.6400146484375,6.269449234008789,52.58600616455078,48.29199981689453,17.575603485107422
2015-10-07,25.392719268798828,42.06793594360352,541.9400024414062,670.0,6.335187911987305,52.65379333496094,46.391998291015625,18.15511131286621
2015-10-08,25.09932327270508,42.65220642089844,533.1599731445312,667.0,6.371708393096924,52.65379333496094,45.34400177001953,18.420026779174805
2015-10-09,25.69986915588379,42.34659576416016,539.7999877929688,671.239990234375,6.347360610961914,52.48430633544922,44.13800048828125,18.171669006347656
2015-10-12,25.5806827545166,42.24769973754883,550.1900024414062,676.4299926757812,6.415533065795898,52.30633163452149,43.11600112915039,18.28757095336914
2015-10-13,25.62422752380371,42.14883041381836,548.9000244140625,683.1699829101562,6.427706718444824,52.16225814819336,43.84999847412109,18.16338539123535
2015-10-14,25.26206588745117,41.96006393432617,544.8300170898438,680.4099731445312,6.661442756652832,50.84020233154297,43.3759994506836,18.494535446166992
2015-10-15,25.640275955200195,42.25669097900391,562.4400024414062,693.02001953125,6.67848539352417,52.45040130615234,44.262001037597656,18.171669006347656
2015-10-16,25.45231819152832,42.70613098144531,570.760009765625,695.3200073242188,6.783178806304932,52.90804290771485,45.402000427246094,18.34552001953125
2015-10-19,25.61048126220703,42.805023193359375,573.1500244140625,699.9500122070312,6.771005630493164,52.73006820678711,45.619998931884766,18.403465270996094
2015-10-20,26.07808303833008,42.93985366821289,560.8800048828125,680.0,6.761265277862549,52.98431396484375,42.60599899291992,18.46969985961914
2015-10-21,26.07579040527344,42.427490234375,555.77001953125,671.7999877929688,6.6736159324646,52.59447479248047,42.01800155639648,18.395191192626957
2015-10-22,26.474628448486328,43.17356872558594,563.9099731445312,681.1400146484375,6.914655685424805,53.55212020874024,42.34400177001953,18.63527107238769
2015-10-23,27.295228958129883,47.524173736572266,599.030029296875,719.3300170898438,6.960916042327881,54.12841033935547,41.81800079345703,18.602155685424805
2015-10-26,26.4242000579834,48.764644622802734,608.6099853515625,731.1199951171875,6.929263114929199,54.15383529663086,43.05199813842773,18.34552001953125
2015-10-27,26.25686836242676,48.26127243041992,611.010009765625,732.8200073242188,6.924394130706787,53.93348693847656,42.06999969482422,18.378633499145508
2015-10-28,27.338777542114254,48.52195358276367,617.0999755859375,736.9199829101562,6.980392932891846,55.50979232788086,42.59199905395508,18.2792911529541
2015-10-29,27.62759780883789,47.96464157104492,626.5499877929688,744.8499755859375,6.739354133605957,55.2640266418457,42.32600021362305,18.064044952392575
2015-10-30,27.391496658325195,47.31744003295898,625.9000244140625,737.3900146484375,6.907351016998291,54.45044708251953,41.38600158691406,18.17994880676269
2015-11-02,27.776586532592773,47.85677719116211,628.3499755859375,747.739990234375,6.987697601318359,55.54369735717773,42.757999420166016,18.295846939086918
2015-11-03,28.09519386291504,48.67475891113281,625.3099975585938,748.8200073242188,6.939001560211182,55.7470817565918,41.66999816894531,18.85051918029785
2015-11-04,27.964540481567383,48.89947509765625,640.9500122070312,755.3099975585938,6.824570655822754,55.80641555786133,46.32600021362305,19.49625587463379
2015-11-05,27.83563041687012,48.88150405883789,655.6500244140625,760.6699829101562,6.746657848358154,56.30643844604492,46.354000091552734,19.02437400817871
2015-11-06,27.86785697937012,49.36690902709961,659.3699951171875,761.5999755859375,7.6815972328186035,58.01832580566406,46.47200012207031,18.89191055297852
2015-11-09,27.75506019592285,48.68375015258789,655.489990234375,754.77001953125,7.647511005401611,57.11153030395508,45.06600189208984,19.00780868530273
2015-11-10,26.880306243896484,48.09946823120117,659.6799926757812,758.260009765625,7.501426696777344,57.357303619384766,43.29999923706055,18.63527107238769
2015-11-11,26.728370666503903,48.22531127929688,673.25,765.25,7.4283857345581055,57.07762145996094,43.81600189208984,18.693220138549805
2015-11-12,26.638595581054688,47.928688049316406,665.5999755859375,756.530029296875,7.401602745056152,55.93353271484375,42.5880012512207,18.4117488861084
2015-11-13,25.860525131225582,47.497215270996094,642.3499755859375,740.0700073242188,7.255518913269043,55.56064987182617,41.4379997253418,18.12199592590332
2015-11-16,26.284090042114254,48.33317947387695,647.8099975585938,750.4199829101562,7.401602745056152,56.36576461791992,42.86199951171875,18.50281143188477
2015-11-17,26.171293258666992,47.93501281738281,643.2999877929688,745.97998046875,7.401602745056152,56.0437126159668,42.79999923706055,18.64355087280273
2015-11-18,27.0000114440918,48.73135757446289,663.5399780273438,760.010009765625,7.583678245544434,57.16237258911133,44.2140007019043,18.64355087280273
2015-11-19,27.34300422668457,48.81280899047852,661.27001953125,759.9400024414062,7.605673789978027,57.34035110473633,44.36000061035156,18.76773452758789
2015-11-20,27.46270751953125,49.03903579711914,668.4500122070312,777.0,7.6716628074646,57.2386474609375,44.00199890136719,18.900190353393555
2015-11-23,27.105897903442383,49.03903579711914,678.989990234375,776.7000122070312,7.556795120239258,56.679317474365234,43.54999923706055,18.684946060180664
2015-11-24,27.366024017333984,49.09334182739258,671.1500244140625,769.6300048828125,7.617894649505615,56.594573974609375,43.650001525878906,18.62699317932129
2015-11-25,27.17034912109375,48.58656692504883,675.3400268554688,769.260009765625,7.608119010925293,56.662357330322266,45.928001403808594,18.676664352416992
2015-11-27,27.119705200195312,48.80374526977539,673.260009765625,771.969970703125,7.6716628074646,56.92509460449219,46.321998596191406,18.585601806640625
2015-11-30,27.23250961303711,49.1838264465332,664.7999877929688,762.8499755859375,7.752315521240234,56.50981140136719,46.05199813842773,18.842235565185547
2015-12-01,27.011518478393555,49.971134185791016,679.0599975585938,783.7899780273438,8.004045486450195,57.2979736328125,47.4379997253418,19.272729873657227
2015-12-02,26.76751136779785,49.96208190917969,676.010009765625,777.8499755859375,7.9429450035095215,56.49287033081055,46.39799880981445,19.19822120666504
2015-12-03,26.518896102905277,49.048095703125,666.25,768.2000122070312,7.92583703994751,55.76403427124024,46.54199981689453,18.98297882080078
2015-12-04,27.40055274963379,50.595550537109375,672.6400146484375,779.2100219726562,8.248442649841309,57.535255432128906,46.07600021362305,19.29756546020508
2015-12-07,27.227907180786133,50.50504684448242,669.8300170898438,772.989990234375,8.09202766418457,56.7809944152832,46.22600173950195,19.23961639404297
2015-12-08,27.21639442443848,50.4869499206543,677.3300170898438,775.1400146484375,8.202007293701172,55.89963150024414,45.34400177001953,19.107154846191406
2015-12-09,26.615575790405277,49.75393295288086,664.7899780273438,762.5499877929688,7.994266986846924,55.47589492797852,44.90399932861328,18.817401885986328
2015-12-10,26.7421875,50.016380310058594,662.3200073242188,760.0399780273438,8.060256004333496,55.6030158996582,45.41400146484375,18.751176834106445
2015-12-11,26.053890228271484,48.92139434814453,640.1500244140625,750.4199829101562,7.940502166748047,54.29790496826172,43.40399932861328,18.3620719909668
2015-12-14,25.892751693725582,49.89873504638672,657.9099731445312,762.5399780273438,7.9600510597229,54.4673957824707,43.71599960327149,18.395191192626957
2015-12-15,25.43465614318848,49.95304107666016,658.6400146484375,760.0900268554688,8.057812690734863,56.01828002929688,44.21799850463867,18.89191055297852
2015-12-16,25.630327224731445,50.79462814331055,675.77001953125,776.5900268554688,8.106690406799316,57.23017120361328,46.902000427246094,19.173385620117188
2015-12-17,25.08705711364746,50.4055061340332,670.6500244140625,769.8300170898438,7.984493732452393,56.17082595825195,46.678001403808594,19.00780868530273
2015-12-18,24.40797233581543,48.9847526550293,664.1400146484375,756.8499755859375,7.854962348937988,54.577579498291016,46.09199905395508,18.98297882080078
2015-12-21,24.70722961425781,49.61820602416992,664.510009765625,760.7999877929688,8.040702819824219,55.54369735717773,46.512001037597656,18.99953269958496
2015-12-22,24.684206008911133,50.08877944946289,663.1500244140625,767.1300048828125,8.04803466796875,55.6623420715332,45.9900016784668,19.090599060058597
2015-12-23,25.001888275146484,50.51409530639648,663.7000122070312,768.510009765625,8.07980728149414,56.55220031738281,45.93999862670898,19.107154846191406
2015-12-24,24.86836814880371,50.37835693359375,662.7899780273438,765.8400268554688,8.106690406799316,56.44202423095703,46.11399841308594,19.16510581970215
2015-12-28,24.589826583862305,50.63174057006836,675.2000122070312,782.239990234375,8.099360466003418,56.25558853149414,45.790000915527344,19.049203872680664
2015-12-29,25.03180885314941,51.17471694946289,693.969970703125,793.9600219726562,8.231335639953613,56.8403434753418,47.4379997253418,19.107154846191406
2015-12-30,24.704923629760746,50.95752334594727,689.0700073242188,790.2999877929688,8.160459518432617,56.43355941772461,47.61800003051758,18.941585540771484
2015-12-31,24.230716705322266,50.2064208984375,675.8900146484375,778.010009765625,8.05536937713623,55.95896530151367,48.00199890136719,18.83395767211914
2016-01-04,24.25143241882324,49.59105682373047,636.989990234375,759.4400024414062,7.911171913146973,54.27823638916016,44.68199920654297,18.28757095336914
2016-01-05,23.64371109008789,49.81728744506836,633.7899780273438,761.530029296875,8.03825855255127,54.3720703125,44.68600082397461,18.171669006347656
2016-01-06,23.181013107299805,48.91234588623047,632.6500244140625,759.3300170898438,7.705879211425781,53.5871696472168,43.80799865722656,17.666669845581055
2016-01-07,22.20266914367676,47.2110481262207,607.9400024414062,741.0,7.400379657745361,51.42012786865234,43.130001068115234,17.467981338500977
2016-01-08,22.320066452026367,47.35584259033203,607.0499877929688,730.9099731445312,7.24152135848999,50.26835632324219,42.20000076293945,17.22789764404297
2016-01-11,22.681480407714844,47.32868194580078,617.739990234375,733.0700073242188,7.253742694854736,50.19158172607422,41.56999969482422,17.32724380493164
2016-01-12,23.010662078857425,47.76306915283203,617.8900146484375,745.3400268554688,7.375939846038818,50.302494049072266,41.99399948120117,17.1782283782959
2016-01-13,22.41905212402344,46.73142623901367,581.8099975585938,719.5700073242188,7.151094913482666,48.92036437988281,40.0620002746582,16.954700469970703
2016-01-14,22.90937805175781,48.06169128417969,593.0,731.3900146484375,7.006899356842041,49.654075622558594,41.23600006103516,18.064044952392575
2016-01-15,22.35919761657715,46.14321517944336,570.1799926757812,710.489990234375,6.625638484954834,48.66442489624024,40.99800109863281,17.467981338500977
2016-01-19,22.25101089477539,45.75408172607422,574.47998046875,719.0800170898438,6.67940616607666,48.63882064819336,40.94400024414063,17.931583404541016
2016-01-20,22.28093910217285,45.96222305297852,571.77001953125,718.5599975585938,6.716064453125,47.359073638916016,39.7400016784668,17.459699630737305
2016-01-21,22.16813850402832,45.68169021606445,575.02001953125,726.6699829101562,6.794272422790527,47.13725662231445,39.99399948120117,17.658388137817383
2016-01-22,23.346752166748047,47.31964492797852,596.3800048828125,745.4600219726562,6.953131675720215,48.587646484375,40.5099983215332,18.15511131286621
2016-01-25,22.890966415405277,46.867164611816406,596.530029296875,733.6199951171875,6.945799350738525,47.4870491027832,39.2760009765625,18.03921127319336
2016-01-26,23.01757049560547,47.2110481262207,601.25,733.7899780273438,7.014232158660889,48.69854736328125,38.71200180053711,17.873634338378906
2016-01-27,21.50516128540039,46.35136032104492,583.3499755859375,717.5800170898438,6.931136131286621,48.66442489624024,37.61399841308594,17.948144912719727
2016-01-28,21.659399032592773,47.11150360107422,635.3499755859375,748.2999877929688,6.855372428894043,48.869178771972656,37.93999862670898,17.906747817993164
2016-01-29,22.407546997070312,49.85348892211914,587.0,761.3499755859375,7.158426284790039,50.7631950378418,38.2400016784668,18.50281143188477
2016-02-01,22.19806480407715,49.509613037109375,574.8099975585938,770.77001953125,7.160869121551514,50.2171745300293,39.38800048828125,18.59387969970703
2016-02-02,21.749177932739254,47.96215057373047,552.0999755859375,780.9099731445312,6.857816219329834,48.6558952331543,36.555999755859375,18.676664352416992
2016-02-03,22.179651260375977,47.20200347900391,531.0700073242188,749.3800048828125,6.892032146453857,48.980098724365234,34.69599914550781,18.974699020385746
2016-02-04,22.357858657836918,47.05721282958984,536.260009765625,730.030029296875,6.89447546005249,49.8247184753418,35.066001892089844,19.23133850097656
2016-02-05,21.760726928710938,45.3921012878418,502.1300048828125,703.760009765625,6.459447383880615,49.27016067504883,32.52000045776367,18.83395767211914
2016-02-08,21.9898624420166,44.7134017944336,488.1000061035156,704.1599731445312,6.163723945617676,48.23783874511719,29.597999572753903,18.87535285949707
2016-02-09,21.985227584838867,44.59576034545898,482.0700073242188,701.02001953125,6.229711532592773,47.94776153564453,29.649999618530277,18.676664352416992
2016-02-10,21.818584442138672,44.98487854003906,490.4800109863281,706.8499755859375,6.215047359466553,47.36760711669922,28.733999252319336,18.46141815185547
2016-02-11,21.686662673950195,44.96677780151367,503.8200073242188,706.3599853515625,6.183276176452637,45.2773666381836,30.0939998626709,18.213058471679688
2016-02-12,21.753782272338867,45.69978332519531,507.0799865722656,706.8900146484375,6.28836727142334,49.04834365844727,30.20800018310547,18.4117488861084
2016-02-16,22.36711883544922,46.565650939941406,521.0999755859375,717.6400146484375,6.596310615539551,49.78206253051758,31.03400039672852,19.32240104675293
2016-02-17,22.70966339111328,47.77787399291992,534.0999755859375,731.969970703125,6.760056495666504,50.14039611816406,33.73600006103516,19.570762634277344
2016-02-18,22.279170989990234,47.5682487487793,525.0,717.510009765625,7.341724872589111,49.32135772705078,33.354000091552734,19.70322036743164
2016-02-19,22.228252410888672,47.23101425170898,534.9000244140625,722.1099853515625,7.439484119415283,49.32987976074219,33.316001892089844,19.686662673950195
2016-02-22,22.422664642333984,47.98751449584961,559.5,729.0499877929688,7.703433990478516,49.96975326538086,35.54800033569336,19.835676193237305
2016-02-23,21.91579818725586,46.64767837524414,552.9400024414062,717.2899780273438,7.722987651824951,47.87950134277344,35.44200134277344,19.372072219848636
2016-02-24,22.242137908935547,46.8117561340332,554.0399780273438,720.9000244140625,7.776754856109619,47.89657211303711,35.79999923706055,19.38863182067871
2016-02-25,22.394895553588867,47.48622512817383,555.1500244140625,729.1199951171875,7.793859958648682,48.63882064819336,37.48600006103516,19.612157821655277
2016-02-26,22.429611206054688,46.75706100463867,555.22998046875,724.8599853515625,7.742538452148437,49.091007232666016,38.06800079345703,19.67838287353516
2016-02-29,22.37869644165039,46.37425231933594,552.52001953125,717.219970703125,7.692253112792969,48.03307723999024,38.38600158691406,19.49625587463379
2016-03-01,23.2674503326416,47.92371368408203,579.0399780273438,742.1699829101562,8.033205032348633,50.50725173950195,37.27000045776367,20.348955154418945
2016-03-02,23.3183708190918,48.26094055175781,580.2100219726562,739.47998046875,8.079809188842773,50.98501586914063,37.667999267578125,20.38207244873047
2016-03-03,23.49195671081543,47.71407318115234,577.489990234375,731.5900268554688,8.008675575256348,51.1556510925293,39.14799880981445,20.33240127563477
2016-03-04,23.841442108154297,47.42242813110352,575.1400146484375,730.219970703125,7.984145641326904,51.23243713378906,40.20800018310547,20.406906127929688
2016-03-07,23.57758903503418,46.5109748840332,562.7999877929688,712.7999877929688,7.932635307312012,51.13859176635742,41.05799865722656,20.448301315307617
2016-03-08,23.383176803588867,47.07607269287109,560.260009765625,713.530029296875,7.78791618347168,50.14891052246094,40.52000045776367,20.406906127929688
2016-03-09,23.40401077270508,48.16068649291992,559.469970703125,725.4099731445312,7.783010005950928,50.438995361328125,41.74399948120117,20.481414794921875
2016-03-10,23.41558074951172,47.44065475463867,558.9299926757812,732.1699829101562,7.770747184753418,50.003883361816406,41.0359992980957,20.481414794921875
2016-03-11,23.66786003112793,48.37032699584961,569.6099853515625,744.8699951171875,7.903204441070557,50.62668991088867,41.5,20.98641395568848
2016-03-14,23.728036880493164,48.461463928222656,573.3699951171875,750.239990234375,7.922823429107666,50.438995361328125,43.02999877929688,20.87879180908203
2016-03-15,24.204814910888672,48.844268798828125,577.02001953125,750.5700073242188,7.883578777313232,50.50725173950195,43.667999267578125,20.597314834594727
2016-03-16,24.526531219482425,49.53696060180664,574.27001953125,757.3599853515625,8.119058609008789,50.26835632324219,44.38600158691406,21.342397689819336
2016-03-17,24.487184524536133,49.81951141357422,559.4400024414062,758.47998046875,8.050375938415527,50.12332534790039,45.2760009765625,21.334117889404297
2016-03-18,24.51495933532715,48.75312805175781,552.0800170898438,755.4099731445312,8.293211936950684,51.59929656982422,46.54800033569336,21.55764389038086
2016-03-21,24.512643814086918,49.0903549194336,553.97998046875,762.1599731445312,8.317739486694336,51.58223724365234,47.66400146484375,21.466577529907227
2016-03-22,24.700115203857425,49.2817611694336,560.47998046875,760.0499877929688,8.303022384643555,51.3945426940918,46.84799957275391,21.36722755432129
2016-03-23,24.56356239318848,49.19062042236328,569.6300048828125,757.5599975585938,8.445289611816406,51.13859176635742,44.51599884033203,21.259611129760746
2016-03-24,24.457094192504883,49.409366607666016,582.9500122070312,754.8400268554688,8.45755386352539,50.74612808227539,45.54999923706055,21.301002502441406
2016-03-28,24.34600067138672,48.7986946105957,579.8699951171875,753.280029296875,8.543405532836914,50.67788696289063,46.05199813842773,21.21821403503418
2016-03-29,24.922304153442383,49.86508560180664,593.8599853515625,765.8900146484375,8.680766105651855,50.362213134765625,46.0260009765625,21.499691009521484
2016-03-30,25.357425689697266,50.17496871948242,598.6900024414062,768.3400268554688,8.771524429321289,50.942359924316406,45.37799835205078,21.90534400939941
2016-03-31,25.22550201416016,50.33904266357422,593.6400146484375,762.9000244140625,8.739638328552246,50.52430725097656,45.95399856567383,21.69009780883789
2016-04-01,25.45694732666016,50.648921966552734,598.5,769.6699829101562,8.867188453674316,51.07887649536133,47.51800155639648,21.62387084960937
2016-04-04,25.71848487854004,50.52132797241211,593.1900024414062,765.1199951171875,8.78133487701416,50.88118743896485,49.39799880981445,21.40034866333008
2016-04-05,25.41529083251953,49.728363037109375,586.1400146484375,758.5700073242188,8.769070625305176,50.159217834472656,51.09400177001953,21.118873596191406
2016-04-06,25.68145179748535,50.23877716064453,602.0800170898438,768.0700073242188,8.78133487701416,50.545997619628906,53.08399963378906,21.209938049316406
2016-04-07,25.121347427368164,49.6372184753418,591.4299926757812,760.1199951171875,8.690581321716309,49.26536560058594,51.43999862670898,21.002973556518555
2016-04-08,25.149120330810547,49.60076141357422,594.5999755859375,759.469970703125,8.746994018554688,49.626346588134766,50.01399993896485,20.928464889526367
2016-04-11,25.232440948486328,49.50050354003906,595.9299926757812,757.5399780273438,8.8009614944458,50.02169799804688,49.98400115966797,21.118873596191406
2016-04-12,25.561098098754883,49.81039810180664,603.1699829101562,764.3200073242188,8.79114818572998,50.949954986572266,49.56399917602539,21.168546676635746
2016-04-13,25.931415557861328,50.44840621948242,614.8200073242188,771.9099731445312,9.011906623840332,53.107234954833984,50.90599822998047,21.665264129638672
2016-04-14,25.94530487060547,50.4575309753418,620.75,775.3900146484375,9.0364351272583,53.79482269287109,50.37200164794922,20.945016860961918
2016-04-15,25.424543380737305,50.72184753417969,625.8900146484375,780.0,9.10757064819336,53.17599868774414,50.902000427246094,21.077476501464844
2016-04-18,24.87601661682129,51.46012115478516,635.3499755859375,787.6799926757812,9.068325996398926,53.51979064941406,50.7760009765625,21.110593795776367
2016-04-19,24.744091033935547,51.39631271362305,627.9000244140625,776.25,8.906435012817383,54.4222412109375,49.4739990234375,20.82911872863769
2016-04-20,24.795001983642575,50.66716003417969,632.989990234375,774.9199829101562,8.940774917602539,55.21296691894531,49.99399948120117,20.79600524902344
2016-04-21,24.526531219482425,50.840328216552734,631.0,780.0,8.930961608886719,54.66289138793945,49.65800094604492,20.82911872863769
2016-04-22,24.45940971374512,47.19454956054688,620.5,737.77001953125,8.896620750427246,54.98090362548828,50.75,20.754610061645508
2016-04-25,24.320541381835938,47.49533462524414,626.2000122070312,742.2100219726562,8.940774917602539,54.66289138793945,50.36399841308594,20.704938888549805
2016-04-26,24.151582717895508,46.88465881347656,616.8800048828125,725.3699951171875,8.94813060760498,54.94652557373047,50.74800109863281,20.704938888549805
2016-04-27,22.64022827148437,46.42893981933594,606.5700073242188,721.4600219726562,9.151721954345703,55.10122299194336,50.29399871826172,20.903627395629883
2016-04-28,21.948198318481445,45.48104476928711,602.0,705.0599975585938,8.879451751708984,54.66289138793945,49.54199981689453,20.00125312805176
2016-04-29,21.695919036865234,45.45369720458984,659.5900268554688,707.8800048828125,8.715106010437012,54.31910705566406,48.152000427246094,19.529369354248047
2016-05-02,21.672775268554688,46.12816619873047,683.8499755859375,714.4099731445312,8.830394744873047,54.826202392578125,48.36000061035156,19.612157821655277
2016-05-03,22.029205322265625,45.37166976928711,671.3200073242188,708.4400024414062,8.724921226501465,53.769039154052734,46.4640007019043,19.30583953857422
2016-05-04,21.80006980895996,45.45369720458984,670.9000244140625,711.3699951171875,8.52623462677002,52.91815185546875,44.512001037597656,19.38863182067871
2016-05-05,21.71158790588379,45.51750183105469,659.0900268554688,714.7100219726562,8.57774543762207,52.63452911376953,42.305999755859375,19.45486068725586
2016-05-06,21.590499877929688,45.92764663696289,673.9500122070312,725.1799926757812,8.666049003601074,52.94393157958984,42.98600006103516,19.380353927612305
2016-05-09,21.606800079345703,45.635990142822266,679.75,729.1300048828125,8.653785705566406,52.60874176025391,41.78400039672852,19.34723854064941
2016-05-10,21.75349998474121,46.50185775756836,703.0700073242188,739.3800048828125,8.820582389831543,53.32210922241211,41.73799896240234,19.363794326782227
2016-05-11,21.54160499572754,46.52920150756836,713.22998046875,730.5499877929688,8.845110893249512,53.12443161010742,41.79199981689453,19.223058700561523
2016-05-12,21.036300659179688,46.948463439941406,717.9299926757812,728.0700073242188,8.724921226501465,53.09003829956055,41.45600128173828,19.03264808654785
2016-05-13,21.07821273803711,46.55654144287109,709.9199829101562,724.8300170898438,10.051928520202637,52.60015106201172,41.52199935913086,18.89191055297852
2016-05-16,21.86061668395996,47.24013137817383,710.6599731445312,730.2999877929688,10.34872817993164,52.99550628662109,41.65800094604492,19.13199234008789
2016-05-17,21.769798278808597,46.35901641845703,695.27001953125,720.1900024414062,10.370806694030762,52.99550628662109,40.93199920654297,18.99953269958496
2016-05-18,22.018957138061523,46.634368896484375,697.4500122070312,721.780029296875,10.635719299316406,55.04106903076172,42.23400115966797,19.471416473388672
2016-05-19,21.93512725830078,46.18463897705078,698.52001953125,715.3099975585938,10.68232536315918,54.4824104309082,43.04199981689453,19.247896194458008
2016-05-20,22.172643661499023,46.4599838256836,702.7999877929688,721.7100219726562,10.873647689819336,54.58553314208984,44.055999755859375,19.79428482055664
2016-05-23,22.454404830932617,45.91846466064453,696.75,717.25,10.89081859588623,54.542572021484375,43.24399948120117,20.09231758117676
2016-05-24,22.79670143127441,47.35026931762695,704.2000122070312,733.030029296875,11.155186653137209,55.470821380615234,43.58200073242188,20.257890701293945
2016-05-25,23.19721031188965,47.83670425415039,708.3499755859375,738.0999755859375,11.108463287353516,56.31309127807617,43.91600036621094,20.38207244873047
2016-05-26,23.381175994873047,47.6256103515625,714.9099731445312,736.9299926757812,11.226507186889648,55.89194488525391,45.02399826049805,20.52280807495117
2016-05-27,23.3671989440918,48.02027130126953,712.239990234375,747.5999755859375,11.287988662719728,56.23574447631836,44.608001708984375,20.53108787536621
2016-05-31,23.253097534179688,48.64439010620117,722.7899780273438,748.8499755859375,11.489646911621094,56.09822463989258,44.64599990844727,20.464859008789062
2016-06-01,22.92710304260254,48.506717681884766,719.4400024414062,748.4600219726562,11.511778831481934,56.45922088623047,43.9119987487793,20.903627395629883
2016-06-02,22.75478744506836,48.167118072509766,728.239990234375,744.27001953125,11.592935562133787,56.56235504150391,43.79199981689453,20.84567642211914
2016-06-03,22.801353454589844,47.53382873535156,725.5399780273438,735.8599853515625,11.43062686920166,55.55675506591797,43.79800033569336,21.135427474975582
2016-06-06,22.966684341430664,47.84588623046875,726.72998046875,730.0599975585938,11.371602058410645,56.1068229675293,44.13600158691406,21.085756301879883
2016-06-07,23.059829711914062,47.818359375,723.739990234375,731.0900268554688,11.393735885620115,55.91774368286133,46.46799850463867,21.57419776916504
2016-06-08,23.03887367248535,47.76328659057617,726.6400146484375,742.9299926757812,11.35684585571289,56.08103942871094,47.104000091552734,21.7977237701416
2016-06-09,23.20419692993164,47.3777961730957,727.6500244140625,742.52001953125,11.651958465576172,55.65129089355469,45.87200164794922,21.71493530273437
2016-06-10,23.01325416564941,47.249305725097656,717.9099731445312,733.1900024414062,11.361766815185549,54.86917495727539,43.757999420166016,21.408626556396484
2016-06-13,22.66629981994629,46.0194206237793,715.239990234375,731.8800048828125,11.506863594055176,54.3792724609375,43.57400131225586,21.21821403503418
2016-06-14,22.69424057006836,45.73492431640625,719.2999877929688,733.25,11.528995513916016,53.35649490356445,42.992000579833984,21.168546676635746
2016-06-15,22.619728088378903,45.60641098022461,714.260009765625,732.1900024414062,11.647038459777832,53.26194763183594,43.540000915527344,21.392066955566406
2016-06-16,22.71520233154297,46.24887847900391,717.510009765625,724.25,11.693765640258787,53.47681427001953,43.58599853515625,21.408626556396484
2016-06-17,22.19825935363769,46.01025390625,706.3900146484375,704.25,11.489646911621094,53.52837371826172,43.09400177001953,21.40034866333008
2016-06-20,22.14470100402832,45.95519256591797,714.010009765625,706.1300048828125,11.6962251663208,53.605735778808594,43.93999862670898,21.83083915710449
2016-06-21,22.333314895629883,46.98313522338867,715.8200073242188,708.8800048828125,11.624907493591309,54.10424423217773,43.922000885009766,22.012969970703125
2016-06-22,22.24948501586914,46.79957962036133,710.5999755859375,710.469970703125,11.615068435668944,53.8979606628418,39.33200073242188,21.97157859802246
2016-06-23,22.37755584716797,47.64397430419922,722.0800170898438,714.8699951171875,11.924934387207031,55.04966354370117,39.27999877929688,22.195098876953125
2016-06-24,21.748842239379883,45.73492431640625,698.9600219726562,685.2000122070312,11.24618148803711,51.2249755859375,38.630001068115234,21.259611129760746
2016-06-27,21.43215751647949,44.4499626159668,691.3599853515625,681.1400146484375,11.12567901611328,49.51461791992188,39.709999084472656,21.38759422302246
2016-06-28,21.7930850982666,45.376949310302734,707.9500122070312,691.260009765625,11.287988662719728,51.156227111816406,40.358001708984375,21.696807861328125
2016-06-29,21.9817008972168,46.38655853271485,715.5999755859375,695.1900024414062,11.472434997558594,52.60015106201172,42.03799819946289,22.1606388092041
2016-06-30,22.261131286621094,46.96478271484375,715.6199951171875,703.530029296875,11.56096649169922,53.40805435180664,42.45600128173828,22.529979705810547
2016-07-01,22.328659057617188,46.95560073852539,725.6799926757812,710.25,11.474891662597656,53.06158065795898,43.29999923706055,22.787660598754883
2016-07-05,22.119089126586918,46.96478271484375,728.0999755859375,704.8900146484375,11.644579887390137,51.5804328918457,42.79600143432617,22.55574989318848
2016-07-06,22.244829177856445,47.15752029418945,737.6099853515625,708.969970703125,11.718360900878906,52.13478088378906,42.88800048828125,22.461261749267575
2016-07-07,22.340303421020508,47.15752029418945,736.5700073242188,707.260009765625,12.023305892944336,52.47260284423828,43.1879997253418,22.59869384765625
2016-07-08,22.51261329650879,48.001914978027344,745.8099975585938,717.780029296875,12.50532054901123,53.555301666259766,43.35599899291992,22.959447860717773
2016-07-11,22.582475662231445,48.26808547973633,753.780029296875,727.2000122070312,12.79305362701416,53.93642044067383,44.95600128173828,23.36315155029297
2016-07-12,22.6849308013916,48.83713912963867,748.2100219726562,732.510009765625,12.98487377166748,54.74195861816406,44.93000030517578,23.16559219360352
2016-07-13,22.556859970092773,49.11248016357422,742.6300048828125,729.47998046875,12.97995662689209,54.70731735229492,44.50600051879883,23.096879959106445
2016-07-14,23.00394821166992,49.32357406616211,741.2000122070312,735.7999877929688,13.11275577545166,55.53883361816406,44.305999755859375,23.28584671020508
2016-07-15,23.001615524291992,49.286869049072266,735.4400024414062,735.6300048828125,12.960282325744627,55.5908088684082,44.08000183105469,23.199951171875
2016-07-18,23.246116638183597,49.52549743652344,736.0700073242188,753.2000122070312,13.026683807373049,55.40024948120117,45.25,23.741085052490234
2016-07-19,23.25543212890625,48.726993560791016,739.9500122070312,753.4099731445312,13.161943435668944,55.31363296508789,45.05199813842773,23.42327880859375
2016-07-20,23.27638816833496,51.315242767333984,745.719970703125,757.0800170898438,13.334091186523438,55.37426376342773,45.672000885009766,23.663780212402344
2016-07-21,23.15297508239746,51.21428298950195,744.4299926757812,754.4099731445312,13.088167190551758,55.16637802124024,44.09999847412109,23.60365295410156
2016-07-22,22.97367286682129,51.92100524902344,744.8599853515625,759.280029296875,13.444757461547852,55.469539642333984,44.45399856567383,23.82697868347168
2016-07-25,22.66629981994629,52.06785202026367,739.6099853515625,757.52001953125,13.693142890930176,55.32228088378906,46.00199890136719,23.930051803588867
2016-07-26,22.510290145874023,52.09537887573242,735.5900268554688,757.6500244140625,13.926773071289062,55.54749298095703,45.902000427246094,24.33375358581543
2016-07-27,23.972627639770508,51.572227478027344,736.6699829101562,761.969970703125,13.786595344543455,55.72072982788086,45.698001861572266,24.13619804382324
2016-07-28,24.296300888061523,51.5905876159668,752.6099853515625,765.8400268554688,13.816105842590332,55.5215072631836,46.12200164794922,24.17055320739746
2016-07-29,24.26602935791016,52.021968841552734,758.8099975585938,791.3400268554688,14.042357444763184,55.40891647338867,46.95800018310547,23.86133575439453
2016-08-01,24.694486618041992,51.9301872253418,767.739990234375,800.9400024414062,13.95136260986328,55.26165771484375,46.00199890136719,24.582847595214844
2016-08-02,24.328901290893555,51.9301872253418,760.5800170898438,800.1199951171875,13.781675338745115,55.13173294067383,45.43999862670898,24.18773651123047
2016-08-03,24.633941650390625,52.28813171386719,754.6400146484375,798.9199829101562,13.818560600280762,56.00656127929688,45.15800094604492,24.18773651123047
2016-08-04,24.78611946105957,52.673614501953125,760.77001953125,797.25,14.07432460784912,55.9199447631836,46.12200164794922,24.393877029418945
2016-08-05,25.16305351257324,53.19676208496094,765.97998046875,806.9299926757812,14.312872886657717,57.42708969116211,46.00600051879883,24.728864669799805
2016-08-08,25.371416091918945,53.288551330566406,766.5599975585938,805.22998046875,14.445671081542969,57.253849029541016,45.23199844360352,24.98654556274414
2016-08-09,25.474428176879883,53.41704940795898,768.3099975585938,807.47998046875,14.482563018798828,57.05463409423828,45.81600189208984,25.25281524658203
2016-08-10,25.284788131713867,53.2518424987793,768.5599975585938,808.489990234375,14.38911247253418,56.5435905456543,45.130001068115234,25.09820938110352
2016-08-11,25.268400192260746,53.50883102416992,771.239990234375,808.2000122070312,14.6817626953125,56.69950485229492,44.98199844360352,25.02949333190918
2016-08-12,25.32693099975586,53.178409576416016,772.5599975585938,807.0499877929688,15.503155708312988,56.5782356262207,45.12200164794922,25.11539077758789
2016-08-15,25.63128662109375,53.34362030029297,768.489990234375,805.9600219726562,15.488397598266602,56.92469787597656,45.11800003051758,25.24422645568848
2016-08-16,25.60787582397461,53.0480842590332,764.0399780273438,801.1900024414062,15.394946098327637,56.91604995727539,44.72200012207031,24.97795867919922
2016-08-17,25.57041931152344,53.15890884399414,764.6300048828125,805.4199829101562,15.038355827331545,57.07195281982422,44.64799880981445,24.892065048217773
2016-08-18,25.537635803222656,53.19584655761719,764.4600219726562,802.75,15.271984100341797,57.12391662597656,44.70199966430664,25.04667091369629
2016-08-19,25.60319328308105,53.214332580566406,757.3099975585938,799.6500244140625,15.311331748962402,57.04598236083984,45.0,24.600021362304688
2016-08-22,25.404191970825195,53.260498046875,759.47998046875,796.9500122070312,15.37527561187744,56.99399185180664,44.58599853515625,24.393877029418945
2016-08-23,25.483795166015625,53.46367263793945,762.4500122070312,796.5900268554688,15.499696731567385,56.9680061340332,44.96799850463867,24.47976875305176
2016-08-24,25.29181289672852,53.51909255981445,757.25,793.5999755859375,15.260705947875977,57.12391662597656,44.52399826049805,24.385290145874023
2016-08-25,25.184120178222656,53.722267150878906,759.219970703125,791.2999877929688,15.15969181060791,57.22785949707031,44.19200134277344,24.56566619873047
2016-08-26,25.0366268157959,53.59297561645508,769.0,793.219970703125,15.282878875732422,57.357791900634766,43.99800109863281,24.600021362304688
2016-08-29,25.008529663085938,53.657623291015625,771.2899780273438,795.8200073242188,15.273026466369627,57.99010848999024,43.040000915527344,24.651559829711918
2016-08-30,24.816551208496094,53.46367263793945,767.5800170898438,791.9199829101562,15.184327125549316,58.46649932861328,42.26800155639648,24.582847595214844
2016-08-31,24.839967727661133,53.066551208496094,769.1599731445312,789.8499755859375,15.11287784576416,58.46649932861328,42.402000427246094,24.6859188079834
2016-09-01,24.98746109008789,53.18661117553711,770.6199951171875,791.4000244140625,15.558825492858888,58.215293884277344,40.15399932861328,24.87488555908203
2016-09-02,25.221580505371094,53.260498046875,772.4400024414062,796.8699951171875,15.406070709228516,58.45783233642578,39.555999755859375,25.02949333190918
2016-09-06,25.21455955505371,53.20508575439453,788.8699951171875,808.02001953125,15.551433563232422,58.41452407836914,40.56600189208984,25.330123901367188
2016-09-07,25.36907386779785,53.25127410888672,784.47998046875,807.989990234375,15.322299003601074,58.171993255615234,40.34199905395508,25.613574981689453
2016-09-08,24.704177856445312,53.03885269165039,784.0599975585938,802.8400268554688,15.433171272277832,58.24994659423828,39.47200012207031,25.587804794311523
2016-09-09,24.14463233947754,51.91213607788086,760.1400146484375,788.47998046875,14.664469718933104,57.730247497558594,38.89400100708008,24.557079315185547
2016-09-12,24.685449600219727,52.68791198730469,771.489990234375,798.8200073242188,14.967514991760254,58.08537673950195,39.65999984741211,24.900653839111328
2016-09-13,25.27308654785156,52.20766067504883,761.010009765625,788.719970703125,14.750702857971191,57.62629699707031,39.209999084472656,24.47118377685547
2016-09-14,26.16741371154785,51.95830535888672,761.0900268554688,790.4600219726562,14.881282806396484,57.51369857788086,39.28200149536133,24.582847595214844
2016-09-15,27.05706787109375,52.817195892333984,769.6900024414062,801.22998046875,15.445490837097168,57.72157669067383,40.08399963378906,25.063854217529297
2016-09-16,26.90488815307617,52.87261962890625,778.52001953125,797.969970703125,15.482447624206545,57.01132583618164,41.08000183105469,24.831939697265625
2016-09-19,26.59117317199707,52.57707977294922,775.0999755859375,795.3900146484375,15.68694019317627,57.331809997558594,41.26800155639648,25.70805549621582
2016-09-20,26.588830947875977,52.46625518798828,780.219970703125,799.780029296875,15.544042587280272,57.56566619873047,40.928001403808594,25.68228912353516
2016-09-21,26.58415031433105,53.34362411499024,789.739990234375,805.030029296875,15.980132102966309,57.89481735229492,41.04399871826172,26.197650909423828
2016-09-22,26.834651947021484,53.3990364074707,804.7000122070312,815.9500122070312,16.01955223083496,58.37120819091797,41.2859992980957,26.335081100463867
2016-09-23,26.387489318847656,53.03885269165039,805.75,814.9600219726562,16.002304077148438,58.24994659423828,41.4900016784668,25.871252059936523
2016-09-26,26.427284240722656,52.54938125610352,799.1599731445312,802.6500244140625,15.852014541625977,56.97666931152344,41.79800033569336,25.63075256347656
2016-09-27,26.47645568847656,53.51909255981445,816.1099853515625,810.72998046875,16.3940486907959,57.47905349731445,41.1619987487793,26.111759185791016
2016-09-28,26.67779541015625,53.59297561645508,828.719970703125,810.0599975585938,16.453182220458984,57.78221893310547,41.25400161743164,26.051633834838867
2016-09-29,26.26340675354004,53.01115036010742,829.0499877929688,802.6400146484375,16.605937957763672,56.86407852172852,40.13999938964844,26.111759185791016
2016-09-30,26.46709442138672,53.19584655761719,837.3099975585938,804.0599975585938,16.881885528564453,57.67828369140625,40.805999755859375,26.27495574951172
2016-10-03,26.34300804138184,53.02961349487305,836.739990234375,800.3800048828125,16.864633560180664,57.60898971557617,42.7400016784668,26.38661766052246
2016-10-04,26.455381393432617,52.86338424682617,834.030029296875,802.7899780273438,16.827678680419922,58.10628128051758,42.28200149536133,26.103172302246094
2016-10-05,26.46709442138672,53.23279571533203,844.3599853515625,801.22998046875,16.8104305267334,59.057273864746094,41.69200134277344,26.22342109680176
2016-10-06,26.663745880126957,53.32514190673828,841.6599731445312,803.0800170898438,16.591150283813477,59.214332580566406,40.20000076293945,26.4295654296875
2016-10-07,26.70354461669922,53.38056564331055,839.4299926757812,800.7100219726562,16.470426559448242,59.42371368408203,39.321998596191406,26.78172874450684
2016-10-10,27.169448852539062,53.60220718383789,841.7100219726562,814.1699829101562,16.53201675415039,59.8861198425293,40.18999862670898,26.867624282836918
2016-10-11,27.227975845336918,52.817195892333984,831.0,809.5700073242188,16.29302978515625,59.59820175170898,40.02000045776367,26.395206451416016
2016-10-12,27.471454620361328,52.74331665039063,834.0900268554688,811.77001953125,16.36695098876953,59.441162109375,40.30199813842773,26.927753448486328
2016-10-13,27.387176513671875,52.567848205566406,829.280029296875,804.0800170898438,16.100854873657227,59.10089874267578,40.04800033569336,26.22342109680176
2016-10-14,27.53934860229492,53.02961349487305,822.9600219726562,804.5999755859375,16.2585391998291,58.908958435058594,39.30199813842773,26.335081100463867
2016-10-17,27.520618438720703,52.844913482666016,812.9500122070312,806.8400268554688,16.164920806884766,58.60359191894531,38.79199981689453,26.25778007507324
2016-10-18,27.501888275146484,53.25127410888672,817.6500244140625,821.489990234375,16.411296844482422,59.06599426269531,39.81999969482422,26.50687026977539
2016-10-19,27.41995429992676,53.13121032714844,817.6900024414062,826.8400268554688,16.376802444458008,59.63309860229492,40.71200180053711,26.609939575195312
2016-10-20,27.40590476989746,52.87261962890625,810.3200073242188,821.6300048828125,16.687240600585938,59.55458450317383,39.81999969482422,26.678659439086918
2016-10-21,27.2982120513916,55.09834289550781,818.989990234375,824.0599975585938,16.64042854309082,59.75524139404297,40.01800155639648,26.69583511352539
2016-10-24,27.54403686523437,56.33589172363281,838.0900268554688,835.739990234375,17.42144775390625,60.0867805480957,40.55199813842773,26.979286193847656
2016-10-25,27.684505462646484,56.32665252685547,835.1799926757812,828.5499877929688,17.707246780395508,60.02571487426758,40.46799850463867,27.09953498840332
2016-10-26,27.061750411987305,55.99417495727539,822.5900268554688,822.0999755859375,17.77869987487793,60.31363677978516,40.448001861572266,26.80749893188477
2016-10-27,26.801881790161133,55.50470352172852,818.3599853515625,817.3499755859375,17.414058685302734,60.400875091552734,40.80199813842773,26.4295654296875
2016-10-28,26.62394905090332,55.29227828979492,776.3200073242188,819.5599975585938,17.384492874145508,60.29617691040039,39.99399948120117,26.4295654296875
2016-10-31,26.58180809020996,55.33847427368164,789.8200073242188,809.9000244140625,17.532318115234375,60.42704391479492,39.54600143432617,26.71301651000977
2016-11-01,26.10186195373535,55.22764205932617,785.4099731445312,805.47998046875,17.012460708618164,60.17403411865234,38.15800094604492,26.37803077697754
2016-11-02,26.12527847290039,54.885929107666016,765.5599975585938,788.4199829101562,16.941011428833008,59.92101287841797,37.604000091552734,26.103172302246094
2016-11-03,25.84524154663086,54.6827507019043,767.030029296875,782.1900024414062,16.743907928466797,59.65928649902344,37.48400115966797,26.008686065673828
2016-11-04,25.61227798461914,54.22098159790039,755.0499877929688,781.0999755859375,16.64781951904297,59.118350982666016,38.11199951171875,25.97432518005371
2016-11-07,25.98172950744629,55.80023193359375,784.9299926757812,802.030029296875,17.55942153930664,60.96798324584961,38.641998291015625,26.927753448486328
2016-11-08,26.134695053100582,55.84640884399414,787.75,811.97998046875,17.532318115234375,61.09885025024414,38.98799896240234,26.919160842895508
2016-11-09,26.092329025268555,55.56934356689453,771.8800048828125,805.5900268554688,17.236665725708008,63.9081916809082,38.012001037597656,26.27495574951172
2016-11-10,25.36519241333008,54.21175384521485,742.3800048828125,780.2899780273438,16.697093963623047,66.87459564208984,37.06999969482422,25.28717803955078
2016-11-11,25.515796661376957,54.50727844238281,739.010009765625,771.75,21.6739444732666,66.90945434570312,37.71200180053711,25.70805549621582
2016-11-14,24.87572479248047,53.67609405517578,719.0700073242188,753.219970703125,20.60713195800781,69.36982727050781,36.290000915527344,24.7804012298584
2016-11-15,25.205175399780277,54.73603820800781,743.239990234375,775.1599731445312,21.235395431518555,69.23895263671875,36.75400161743164,25.08103370666504
2016-11-16,25.882896423339844,55.46127700805664,746.489990234375,779.97998046875,22.5756950378418,67.52894592285156,36.7859992980957,25.647933959960938
2016-11-17,25.87347984313965,56.38174057006836,756.4000244140625,786.1599731445312,22.762939453125,68.06986236572266,37.73199844360352,25.31294250488281
2016-11-18,25.89937210083008,56.11211013793945,760.1599731445312,775.969970703125,23.001930236816406,67.79937744140625,37.00400161743164,25.31294250488281
2016-11-21,26.292356491088867,56.58629989624024,780.0,784.7999877929688,22.90830612182617,68.09603118896484,36.90399932861328,25.46755599975586
2016-11-22,26.30882835388184,56.828033447265625,785.3300170898438,785.0,23.07337760925293,68.51481628417969,38.23400115966797,25.69087791442871
2016-11-23,26.174699783325195,56.15860748291016,780.1199951171875,779.0,23.186885833740234,68.80271911621094,38.62799835205078,25.67369842529297
2016-11-25,26.30647087097168,56.27947616577149,780.3699951171875,780.22998046875,23.233766555786133,68.77656555175781,39.33000183105469,25.47614288330078
2016-11-28,26.254697799682617,56.353851318359375,766.77001953125,785.7899780273438,23.22142601013184,68.33158874511719,39.2239990234375,25.47614288330078
2016-11-29,26.228816986083984,56.80014801025391,762.52001953125,789.4400024414062,23.00922393798828,68.8550796508789,37.91400146484375,25.38166046142578
2016-11-30,26.00761604309082,56.0284309387207,750.5700073242188,775.8800048828125,22.750139236450195,69.9456558227539,37.880001068115234,25.501909255981445
2016-12-01,25.765235900878903,55.04286956787109,743.6500244140625,764.3300170898438,21.62497329711914,71.35906219482422,36.3759994506836,24.5227165222168
2016-12-02,25.861717224121094,55.089351654052734,740.3400268554688,764.4600219726562,21.824838638305664,71.19327545166016,36.29399871826172,24.78899383544922
2016-12-05,25.675817489624023,55.99123764038086,759.3599853515625,778.219970703125,22.67117500305176,72.64158630371094,37.36000061035156,24.926422119140625
2016-12-06,25.87347984313965,55.74020004272461,764.719970703125,776.1799926757812,23.04376983642578,73.01673126220703,37.16999816894531,25.347301483154297
2016-12-07,26.127634048461918,57.06048202514648,770.4199829101562,791.469970703125,23.458309173583984,73.3482894897461,38.630001068115234,25.70805549621582
2016-12-08,26.384130477905277,56.72577667236328,767.3300170898438,795.1699829101562,23.06597328186035,74.26437377929688,38.45800018310547,25.80254173278809
2016-12-09,26.81476593017578,57.618350982666016,768.6599731445312,809.4500122070312,22.65637969970703,74.58717346191406,38.43600082397461,25.871252059936523
2016-12-12,26.661806106567383,57.8043098449707,760.1199951171875,807.9000244140625,22.10613250732422,73.92411804199219,38.48600006103516,25.68228912353516
2016-12-13,27.106563568115234,58.55743408203125,774.3400268554688,815.3400268554688,22.495988845825195,73.95027160644531,39.630001068115234,26.07740020751953
2016-12-14,27.106563568115234,58.27849578857422,768.8200073242188,817.8900146484375,23.79882049560547,73.92411804199219,39.73799896240234,25.65652084350586
2016-12-15,27.25480842590332,58.18552017211914,761.0,815.6500244140625,24.356468200683597,75.03215026855469,39.51599884033203,25.90561294555664
2016-12-16,27.290115356445312,57.92517852783203,757.77001953125,809.8400268554688,24.77593994140625,74.10733032226562,40.49800109863281,25.321535110473636
2016-12-19,27.44777488708496,59.15248489379883,766.0,812.5,25.07697486877441,74.53484344482422,40.54600143432617,25.14115524291992
2016-12-20,27.52072525024414,59.07810592651367,771.219970703125,815.2000122070312,25.950462341308597,75.49456787109375,41.757999420166016,25.17551612854004
2016-12-21,27.546611785888672,59.07810592651367,770.5999755859375,812.2000122070312,26.11331558227539,75.6865005493164,41.540000915527344,25.02949333190918
2016-12-22,27.36541175842285,59.087398529052734,766.3400268554688,809.6799926757812,26.429147720336918,75.80863189697266,41.68999862670898,24.6859188079834
2016-12-23,27.41953659057617,58.79917907714844,760.5900268554688,807.7999877929688,27.087963104248047,75.94823455810547,42.667999267578125,24.95219039916992
2016-12-27,27.59368133544922,58.83637237548828,771.4000244140625,809.9299926757812,28.94844627380371,76.01802062988281,43.90599822998047,24.99513816833496
2016-12-28,27.476016998291016,58.56672668457031,772.1300048828125,804.5700073242188,26.95719718933105,75.4683837890625,43.948001861572266,25.012317657470703
2016-12-29,27.468955993652344,58.4830436706543,765.1500244140625,802.8800048828125,27.495100021362305,74.93617248535156,42.93600082397461,25.020902633666992
2016-12-30,27.25480842590332,57.77640914916992,749.8699951171875,792.4500122070312,26.337852478027344,75.28515625,42.73799896240234,24.694507598876957
2017-01-03,27.33247184753418,58.18552017211914,753.6699829101562,808.010009765625,25.170738220214844,76.10529327392578,43.39799880981445,25.17551612854004
2017-01-04,27.301877975463867,57.92517852783203,757.1799926757812,807.77001953125,25.757997512817383,76.24563598632812,45.39799880981445,25.16692924499512
2017-01-05,27.44071578979492,57.92517852783203,780.4500122070312,813.02001953125,25.104108810424805,75.5438003540039,45.34999847412109,25.59639358520508
2017-01-06,27.74663543701172,58.4272575378418,795.989990234375,825.2100219726562,25.4396915435791,75.5525894165039,45.80199813842773,25.450374603271484
2017-01-09,28.000782012939453,58.241302490234375,796.9199829101562,827.1799926757812,26.471101760864254,75.60518646240234,46.25600051879883,25.80254173278809
2017-01-10,28.02902030944824,58.22270584106445,795.9000244140625,826.010009765625,26.27123260498047,75.82453155517578,45.9739990234375,25.82830810546875
2017-01-11,28.179628372192383,58.7526741027832,799.02001953125,829.8599853515625,25.9479923248291,76.394775390625,45.94599914550781,25.91419982910156
2017-01-12,28.061967849731445,58.213417053222656,813.6400146484375,829.530029296875,25.52358627319336,75.6578598022461,45.917999267578125,25.15833854675293
2017-01-13,28.01254653930664,58.29708862304688,817.1400146484375,830.9400024414062,25.5211181640625,76.06140899658203,47.54999923706055,25.28717803955078
2017-01-17,28.238454818725582,58.1390266418457,809.719970703125,827.4600219726562,24.948665618896484,73.29792785644531,47.11600112915039,25.44178771972656
2017-01-18,28.236103057861328,58.11113739013672,807.47998046875,829.02001953125,25.402681350708008,73.64009094238281,47.672000885009766,25.330123901367188
2017-01-19,28.186687469482425,57.92517852783203,809.0399780273438,824.3699951171875,25.9479923248291,73.07861328125,48.75199890136719,25.450374603271484
2017-01-20,28.238454818725582,58.334285736083984,808.3300170898438,828.1699829101562,25.664230346679688,73.40319061279297,48.94599914550781,25.82830810546875
2017-01-23,28.25727844238281,58.53883361816406,817.8800048828125,844.4299926757812,25.930721282958984,73.43830108642578,49.78400039672852,26.051633834838867
2017-01-24,28.231395721435547,59.05950164794922,822.4400024414062,849.530029296875,26.48343276977539,74.32437896728516,50.922000885009766,26.47251510620117
2017-01-25,28.680856704711918,59.20827102661133,836.52001953125,858.4500122070312,26.59694480895996,75.47361755371094,50.89400100708008,26.89339256286621
2017-01-26,28.694976806640625,59.7568473815918,839.1500244140625,856.97998046875,27.05588722229004,76.10528564453125,50.50199890136719,26.721607208251957
2017-01-27,28.69733047485352,61.16080093383789,835.77001953125,845.030029296875,27.578990936279297,76.26318359375,50.59000015258789,26.841854095458984
2017-01-30,28.622026443481445,60.556434631347656,830.3800048828125,823.8300170898438,27.14718437194824,75.47361755371094,50.1259994506836,26.790321350097656
2017-01-31,28.556137084960938,60.11016082763672,823.47998046875,820.1900024414062,26.93992042541504,74.24539947509766,50.38600158691406,26.549814224243164
2017-02-01,30.29750633239746,59.11529541015625,832.3499755859375,815.239990234375,28.11690330505371,74.5261459350586,49.84799957275391,26.69583511352539
2017-02-02,30.2457332611084,58.73408889770508,839.9500122070312,818.260009765625,28.47221946716309,74.21033477783203,50.310001373291016,26.438156127929688
2017-02-03,30.375164031982425,59.20827102661133,810.2000122070312,820.1300048828125,28.22300148010254,76.48252868652344,50.26599884033203,26.60135269165039
2017-02-06,30.65990447998047,59.17108154296875,807.6400146484375,821.6199951171875,28.945974349975582,76.12281036376953,51.55400085449219,26.51546287536621
2017-02-07,30.951696395874023,58.975833892822266,812.5,829.22998046875,29.395055770874023,76.0789566040039,51.49599838256836,26.21483039855957
2017-02-08,31.071712493896484,58.89215087890625,819.7100219726562,829.8800048828125,29.266746520996094,75.41220092773438,52.41600036621094,26.051633834838867
2017-02-09,31.296236038208008,59.56158447265625,821.3599853515625,830.0599975585938,28.71649932861328,76.50004577636719,53.84000015258789,25.948558807373047
2017-02-10,31.22533226013184,59.505802154541016,827.4600219726562,834.8499755859375,28.035478591918945,76.3246078491211,53.84600067138672,26.37803077697754
2017-02-13,31.501848220825195,60.17524719238281,836.530029296875,838.9600219726562,26.742521286010746,77.33348083496094,56.119998931884766,27.21979141235352
2017-02-14,31.91072654724121,60.39975357055664,836.3900146484375,840.030029296875,26.841222763061523,78.57046508789062,56.19599914550781,26.91057014465332
2017-02-15,32.02652359008789,60.36232376098633,842.7000122070312,837.3200073242188,26.89550399780273,79.47407531738281,55.95199966430664,27.27132606506348
2017-02-16,31.98872375488281,60.35297775268555,844.1400146484375,842.1699829101562,26.463695526123047,79.42144775390625,53.790000915527344,27.760921478271484
2017-02-17,32.07616424560547,60.44651412963867,845.0700073242188,846.5499877929688,26.458759307861328,79.15824890136719,54.44599914550781,27.77810287475586
2017-02-21,32.30777740478516,60.32490921020508,856.4400024414062,849.27001953125,27.40626716613769,79.8425521850586,55.47800064086914,27.769512176513672
2017-02-22,32.4046745300293,60.20330810546875,855.6099853515625,851.3599853515625,27.36427116394043,79.88642883300781,54.70199966430664,27.546186447143555
2017-02-23,32.26759338378906,60.44651412963867,852.1900024414062,851.0,24.82697486877441,79.94781494140625,51.198001861572266,27.27132606506348
2017-02-24,32.298316955566406,60.44651412963867,845.239990234375,847.8099975585938,25.066619873046875,79.24598693847656,51.400001525878906,27.417348861694336
2017-02-27,32.36212539672852,60.08169937133789,848.6400146484375,849.6699829101562,25.795448303222656,79.33372497558594,49.24599838256836,27.08236312866211
2017-02-28,32.376312255859375,59.84784698486328,845.0399780273438,844.9299926757812,25.071557998657227,79.5003890991211,49.99800109863281,27.03082275390625
2017-03-01,33.03807067871094,60.74584197998047,853.0800170898438,856.75,25.39520835876465,82.11473846435547,50.00400161743164,27.12530517578125
2017-03-02,32.8419075012207,59.87591171264648,848.9099731445312,849.8499755859375,24.458852767944336,80.8338851928711,50.09600067138672,26.51546287536621
2017-03-03,33.03570556640625,60.10040664672852,849.8800048828125,849.0800170898438,24.31802749633789,81.41291809082031,50.31399917602539,26.49828338623047
2017-03-06,32.93170547485352,60.119117736816406,846.6099853515625,847.27001953125,24.13026428222656,80.64089965820312,50.242000579833984,26.49828338623047
2017-03-07,32.97426223754883,60.24072265625,846.02001953125,851.1500244140625,24.39461898803711,80.1934585571289,49.71799850463867,26.89339256286621
2017-03-08,32.851356506347656,60.7926139831543,850.5,853.6400146484375,24.350147247314453,80.01800537109375,49.374000549316406,26.816089630126957
2017-03-09,32.775733947753906,60.54940414428711,853.0,857.8400268554688,24.34520530700684,80.33382415771484,48.97999954223633,26.609939575195312
2017-03-10,32.88444137573242,60.73649597167969,852.4600219726562,861.4099731445312,24.488502502441406,80.07942199707031,48.73799896240234,26.678659439086918
2017-03-13,32.898624420166016,60.53070831298828,854.5900268554688,864.5800170898438,25.16297149658203,80.14960479736328,49.23400115966797,27.056589126586918
2017-03-14,32.849002838134766,60.25008010864258,852.530029296875,865.9099731445312,25.14567756652832,80.28117370605469,51.59999847412109,26.80749893188477
2017-03-15,33.19641876220703,60.568119049072266,852.969970703125,868.3900146484375,25.33591651916504,80.47419738769531,51.14599990844727,27.40875816345215
2017-03-16,33.25077438354492,60.46521759033203,853.4199829101562,870.0,25.64720916748047,80.39525604248047,52.40999984741211,27.83822631835937
2017-03-17,33.0853385925293,60.68037033081055,852.3099975585938,872.3699951171875,26.20556259155273,79.55304718017578,52.29999923706055,27.992834091186523
2017-03-20,33.43274688720703,60.73649597167969,856.969970703125,867.9099731445312,27.040620803833008,78.98279571533203,52.38399887084961,28.21615600585937
2017-03-21,33.04988098144531,60.06299591064453,843.2000122070312,850.1400146484375,26.16603279113769,76.666748046875,50.13600158691406,27.898351669311523
2017-03-22,33.42330551147461,60.83003234863281,848.0599975585938,849.7999877929688,26.69968032836914,76.78955841064453,51.00199890136719,28.0787296295166
2017-03-23,33.30513000488281,60.68037033081055,847.3800048828125,839.6500244140625,26.45755958557129,76.666748046875,50.95600128173828,27.967071533203125
2017-03-24,33.238956451416016,60.78326034545898,845.6099853515625,835.1400146484375,26.55144691467285,76.57902526855469,52.63199996948242,28.18180656433105
2017-03-27,33.295677185058594,60.89552307128906,846.8200073242188,838.510009765625,26.7441520690918,76.53516387939453,54.04399871826172,28.491016387939453
2017-03-28,33.98579025268555,61.073238372802734,856.0,840.6300048828125,26.60580444335937,77.72827911376953,55.4900016784668,28.645626068115234
2017-03-29,34.06142044067383,61.24161911010742,874.3200073242188,849.8699951171875,26.51932716369629,77.43875885009766,55.47600173950195,28.284873962402344
2017-03-30,34.01651382446289,61.46612548828125,876.3400268554688,849.47998046875,27.028270721435547,78.10550689697266,55.58399963378906,28.405126571655277
2017-03-31,33.95270156860352,61.6064338684082,886.5399780273438,847.7999877929688,26.912153244018555,77.06153106689453,55.65999984741211,28.20757293701172
2017-04-03,33.962158203125,61.31644821166992,891.510009765625,856.75,26.776269912719727,76.78079986572266,59.70399856567383,28.25051689147949
2017-04-04,34.21504592895508,61.48483276367188,906.8300170898438,852.5700073242188,24.898616790771484,77.03667449951172,60.7400016784668,28.224750518798828
2017-04-05,34.03778839111328,61.3258056640625,909.280029296875,848.9099731445312,24.71332359313965,76.04846954345703,59.0,28.25910758972168
2017-04-06,33.95270156860352,61.48483276367188,898.280029296875,845.0999755859375,24.893678665161133,76.3043212890625,59.7400016784668,28.224750518798828
2017-04-07,33.8770751953125,61.43805694580078,894.8800048828125,842.0999755859375,24.787446975708008,76.03961944580078,60.507999420166016,28.23333740234375
2017-04-10,33.836891174316406,61.2977409362793,907.0399780273438,841.7000122070312,24.154972076416016,75.7749252319336,62.47800064086914,27.932710647583008
2017-04-11,33.47293472290039,61.2509765625,902.3599853515624,839.8800048828125,24.241443634033203,75.64258575439453,61.742000579833984,27.829635620117188
2017-04-12,33.51311111450195,61.01710510253906,896.22998046875,841.4600219726562,24.041322708129883,75.35143280029297,59.36800003051758,27.726564407348636
2017-04-13,33.33585739135742,60.75519180297852,884.6699829101562,840.1799926757812,23.5916748046875,74.46907043457031,60.79999923706055,27.34004020690918
2017-04-17,33.52019500732422,61.2509765625,901.989990234375,855.1300048828125,24.51567649841309,75.75728607177734,60.28799819946289,27.51182746887207
2017-04-18,33.37130355834961,61.16677474975586,903.780029296875,853.989990234375,24.530502319335938,75.13966369628906,60.04999923706055,27.30568504333496
2017-04-19,33.24840545654297,60.83938217163086,899.2000122070312,856.510009765625,24.62685775756836,74.52201843261719,61.104000091552734,27.15107536315918
2017-04-20,33.66437530517578,61.269676208496094,902.0599975585938,860.0800170898438,25.017208099365234,75.48375701904297,60.50199890136719,27.30568504333496
2017-04-21,33.62419891357422,62.1115608215332,898.530029296875,858.9500122070312,25.1209716796875,74.574951171875,61.119998931884766,27.554777145385746
2017-04-24,33.94797897338867,63.16856384277344,907.4099731445312,878.9299926757812,25.43474006652832,77.20430755615234,61.60599899291992,28.08731842041016
2017-04-25,34.158321380615234,63.53337478637695,907.6199951171876,888.8400268554688,25.876968383789062,77.87488555908203,62.757999420166016,28.405126571655277
2017-04-26,33.95743179321289,63.44917297363281,909.2899780273438,889.1400146484375,25.699087142944336,78.0248794555664,62.03400039672852,28.34500312805176
2017-04-27,33.983428955078125,63.860782623291016,918.3800048828124,891.4400024414062,26.099327087402344,77.30136108398438,61.72600173950195,28.3621826171875
2017-04-28,33.95033645629883,64.03851318359375,924.989990234375,924.52001953125,25.76827049255371,76.76314544677734,62.81399917602539,28.405126571655277
2017-05-01,34.64281463623047,64.92716217041016,948.22998046875,932.8200073242188,26.34638214111328,76.81608581542969,64.56600189208984,28.688575744628903
2017-05-02,34.86262512207031,64.82425689697266,946.9400024414062,937.0900268554688,25.56568145751953,76.32198333740234,63.77799987792969,29.143814086914062
2017-05-03,34.75626373291016,64.61847686767578,941.030029296875,948.4500122070312,25.75591468811035,76.76314544677734,62.20399856567383,29.453033447265625
2017-05-04,34.63100051879883,64.36588287353516,937.530029296875,954.719970703125,25.65708923339844,76.85137176513672,59.09199905395508,29.32419204711914
2017-05-05,35.20531463623047,64.54362487792969,934.1500244140624,950.280029296875,25.65956687927246,76.76314544677734,61.66999816894531,29.5646915435791
2017-05-08,36.1624870300293,64.48750305175781,949.0399780273438,958.6900024414062,25.390270233154297,76.85137176513672,61.4379997253418,30.04570198059082
2017-05-09,36.39410781860352,64.5810317993164,952.8200073242188,956.7100219726562,25.432270050048828,76.54257202148438,64.25199890136719,30.4150447845459
2017-05-10,36.22157287597656,64.83360290527344,948.9500122070312,954.8400268554688,29.965803146362305,77.14253997802734,65.04399871826172,30.4150447845459
2017-05-11,36.53483581542969,64.03851318359375,947.6199951171876,955.8900146484376,31.25298118591309,76.90432739257812,64.62000274658203,30.54388236999512
2017-05-12,37.04507446289063,63.96367645263672,961.3499755859376,955.1400146484376,31.59639358520508,76.69255065917969,64.96199798583984,30.38068199157715
2017-05-15,36.950138092041016,64.01044464111328,957.969970703125,959.219970703125,33.18250274658203,77.06312561035156,63.17599868774414,30.11441802978516
2017-05-16,36.89554977416992,65.29932403564453,966.0700073242188,964.6099853515624,33.80015563964844,77.30136108398438,63.402000427246094,30.088647842407227
2017-05-17,35.65675735473633,63.48362350463867,944.760009765625,942.1699829101562,31.554393768310547,74.3543701171875,61.22200012207031,29.5646915435791
2017-05-18,36.20021438598633,63.69998550415039,958.489990234375,950.5,32.87615966796875,74.08084106445312,62.61199951171875,29.97698783874512
2017-05-19,36.32361602783203,63.68117904663086,959.8400268554688,954.6500244140624,33.635433197021484,74.80437469482422,62.16600036621094,30.23466682434082
2017-05-22,36.54433059692383,64.39617156982422,970.6699829101562,964.0700073242188,34.352657318115234,74.73375701904297,62.06999969482422,30.40645980834961
2017-05-23,36.49923324584961,64.61255645751953,971.5399780273438,970.5499877929688,33.890167236328125,75.6690673828125,60.77199935913086,30.40645980834961
2017-05-24,36.39006423950195,64.69721221923828,980.3499755859376,977.6099853515624,34.27104568481445,75.62492370605469,62.04399871826172,30.509531021118164
2017-05-25,36.51585006713867,65.49688720703125,993.3800048828124,991.8599853515624,34.194366455078125,75.30728912353516,63.36600112915039,30.552474975585938
2017-05-26,36.45414733886719,65.8167495727539,995.780029296875,993.27001953125,35.079769134521484,75.31612396240234,65.02799987792969,30.50093650817871
2017-05-30,36.46839141845703,66.24009704589844,996.7000122070312,996.1699829101562,35.82914352416992,74.02791595458984,67.0199966430664,30.732852935791016
2017-05-31,36.25242614746094,65.70384979248047,994.6199951171876,987.0900268554688,35.70054244995117,72.48381805419922,68.2020034790039,30.37209892272949
2017-06-01,36.35209655761719,65.94843292236328,995.9500122070312,988.2899780273438,35.70302200317383,73.28673553466797,68.0739974975586,30.827335357666016
2017-06-02,36.890811920166016,67.51013946533203,1006.72998046875,996.1199951171876,35.52495193481445,72.9161605834961,67.97000122070312,31.0764274597168
2017-06-05,36.53007507324219,67.99934387207031,1011.3400268554688,1003.8800048828124,36.60573196411133,73.04850769042969,69.46399688720703,31.256805419921875
2017-06-06,36.65349197387695,68.22511291503906,1003.0,996.6799926757812,36.440032958984375,73.19851684570312,70.56999969482422,31.291162490844727
2017-06-07,36.87182235717773,68.10283660888672,1010.0700073242188,1001.5,36.88026428222656,74.03672790527344,71.93000030517578,31.31692886352539
2017-06-08,36.781646728515625,67.68888854980469,1010.27001953125,1004.280029296875,39.55625915527344,74.95435333251953,74.0,31.634740829467773
2017-06-09,35.35536575317383,66.1554183959961,978.3099975585938,970.1199951171876,36.99897003173828,76.72782897949219,71.46399688720703,30.74144172668457
2017-06-12,34.51051330566406,65.64739227294922,964.9099731445312,961.8099975585938,37.09048461914063,76.7455062866211,71.802001953125,30.26902961730957
2017-06-13,34.78819274902344,66.46588134765625,980.7899780273438,970.5,37.44414520263672,77.00135803222656,75.19000244140625,30.54388236999512
2017-06-14,34.448829650878906,66.10838317871094,976.469970703125,967.9299926757812,37.52328872680664,76.84255981445312,76.13200378417969,30.621192932128903
2017-06-15,34.24234771728516,65.76029968261719,964.1699829101562,960.1799926757812,37.68405532836914,76.38375091552734,75.06800079345703,30.440813064575195
2017-06-16,33.76298141479492,65.85435485839844,987.7100219726562,958.6199951171876,37.49856185913086,76.03961944580078,74.27999877929688,30.81015396118164
2017-06-19,34.72885513305664,66.67285919189453,995.1699829101562,975.219970703125,38.90827560424805,77.70723724365234,73.95999908447266,31.102197647094727
2017-06-20,34.41322326660156,65.76969146728516,992.5900268554688,968.989990234375,38.85139846801758,77.22196197509766,74.447998046875,31.03347969055176
2017-06-21,34.617313385009766,66.10838317871094,1002.22998046875,978.5900268554688,39.44001007080078,76.86903381347656,75.27999877929688,31.531661987304688
2017-06-22,34.560359954833984,66.09896850585938,1001.2999877929688,976.6199951171876,39.167964935302734,76.78079986572266,76.52200317382812,31.531661987304688
2017-06-23,34.714622497558594,66.9926986694336,1003.739990234375,986.0900268554688,38.04513931274414,76.6396255493164,76.69000244140625,31.548843383789062
2017-06-26,34.6054573059082,66.35298156738281,993.97998046875,972.0900268554688,37.62963485717773,76.97492218017578,75.49800109863281,32.04462814331055
2017-06-27,34.109466552734375,65.11116790771484,976.780029296875,948.0900268554688,36.252071380615234,77.68962097167969,72.4739990234375,31.12222671508789
2017-06-28,34.60783004760742,65.66622161865234,990.3300170898438,961.010009765625,37.53071212768555,79.25133514404297,74.24800109863281,31.35283470153809
2017-06-29,34.09758758544922,64.43379211425781,975.9299926757812,937.8200073242188,36.27679443359375,80.42483520507812,72.1500015258789,30.87389373779297
2017-06-30,34.17828750610352,64.84774017333984,968.0,929.6799926757812,35.752471923828125,80.64542388916016,72.3219985961914,31.006935119628903
2017-07-03,34.05488586425781,64.13274383544922,953.6599731445312,919.4600219726562,34.45900344848633,82.28673553466797,70.52400207519531,30.935977935791016
2017-07-05,34.19489288330078,64.9888687133789,971.4000244140624,932.260009765625,35.3790283203125,83.11178588867188,65.41799926757812,30.882762908935547
2017-07-06,33.87214660644531,64.5090560913086,965.1400146484376,927.6900024414062,35.48537826538086,82.84564971923828,61.76599884033203,30.59894180297852
2017-07-07,34.21625900268555,65.34635925292969,978.760009765625,940.8099975585938,36.29658508300781,83.26262664794922,62.64400100708008,30.71424865722656
2017-07-10,34.42509078979492,65.83555603027344,996.469970703125,951.0,38.012977600097656,82.67709350585938,63.209999084472656,31.04240608215332
2017-07-11,34.53663635253906,65.844970703125,994.1300048828124,953.530029296875,38.5521354675293,82.35769653320312,65.44400024414062,31.37944221496582
2017-07-12,34.586463928222656,66.93627166748047,1006.510009765625,967.6599731445312,40.191856384277344,82.07378387451172,65.90399932861328,31.654390335083008
2017-07-13,35.06822204589844,67.51956176757812,1000.6300048828124,968.8499755859376,39.72690200805664,82.59724426269531,64.68199920654297,32.0623779296875
2017-07-14,35.369606018066406,68.46973419189453,1001.8099975585938,976.9099731445312,40.795318603515625,81.84310913085938,65.55599975585938,32.151065826416016
2017-07-17,35.49301528930664,69.00596618652344,1010.0399780273438,975.9600219726562,40.62220001220703,81.08013916015625,63.91400146484375,31.84951400756836
2017-07-18,35.616416931152344,68.95895385742188,1024.449951171875,986.9500122070312,41.04512023925781,80.7962417602539,65.64800262451172,31.81403923034668
2017-07-19,35.83949279785156,69.48575592041016,1026.8699951171875,992.77001953125,40.83242416381836,80.91159057617188,65.052001953125,32.29297637939453
2017-07-20,35.678104400634766,69.82447052001953,1028.699951171875,992.1900024414062,41.42598724365234,80.91159057617188,65.98400115966797,32.01803207397461
2017-07-21,35.6615104675293,69.419921875,1025.6700439453125,993.8400268554688,41.57439041137695,80.63654327392578,65.68000030517578,31.796295166015625
2017-07-24,36.09342193603516,69.24116516113281,1038.949951171875,998.3099975585938,41.09210968017578,80.98255920410156,68.50399780273438,32.124454498291016
2017-07-25,36.2476692199707,69.79622650146484,1039.8699951171875,969.030029296875,40.89425659179688,82.33108520507812,67.91999816894531,32.01803207397461
2017-07-26,36.418548583984375,69.66452026367188,1052.800048828125,965.3099975585938,41.36662673950195,81.5592269897461,68.7699966430664,32.124454498291016
2017-07-27,35.7303352355957,68.82722473144531,1046.0,952.510009765625,40.00142288208008,81.22209930419922,66.89199829101562,32.0889778137207
2017-07-28,35.4787712097168,68.7143325805664,1020.0399780273438,958.3300170898438,40.65682220458984,80.98255920410156,67.01399993896484,31.80516815185547
2017-07-31,35.29603958129883,68.39446258544922,987.780029296875,945.5,40.191856384277344,81.44388580322266,64.69400024414062,31.89385414123535
2017-08-01,35.60929489135742,68.28157806396484,996.1900024414062,946.5599975585938,40.68156433105469,82.53511810302734,63.91400146484375,31.78742790222168
2017-08-02,37.29186248779297,67.98052215576172,995.8900146484376,947.6400146484376,40.65682220458984,82.6061019897461,65.1780014038086,31.991418838500977
2017-08-03,36.91928482055664,67.87704467773438,986.9199829101562,940.2999877929688,41.17372512817383,82.06492614746094,69.41799926757812,31.74308204650879
2017-08-04,37.113887786865234,68.37567138671875,987.5800170898438,945.7899780273438,41.35426712036133,83.09405517578125,71.38200378417969,31.955942153930664
2017-08-07,37.68819046020508,68.11223602294922,992.27001953125,945.75,42.6254997253418,83.4134521484375,71.03399658203125,32.6300048828125
2017-08-08,37.98958587646485,68.47914123535156,989.8400268554688,944.1900024414062,42.11848068237305,83.11178588867188,73.04399871826172,32.5501823425293
2017-08-09,38.22216033935547,68.17809295654297,982.010009765625,940.0800170898438,42.56612396240234,82.97872924804688,72.70600128173828,32.33731842041016
2017-08-10,37.004695892333984,67.18086242675781,956.9199829101562,923.5900268554688,40.74338150024414,81.78988647460938,71.08000183105469,31.343963623046875
2017-08-11,37.51932144165039,68.20630645751953,967.989990234375,930.0900268554688,38.57192611694336,81.10677337646484,71.5739974975586,32.05350112915039
2017-08-14,38.08396911621094,69.23175811767578,983.2999877929688,938.9299926757812,41.6485710144043,82.0560302734375,72.76000213623047,31.973676681518555
2017-08-15,38.50090026855469,69.25067901611328,982.739990234375,938.0800170898438,41.297393798828125,82.26896667480469,72.46600341796875,32.301841735839844
2017-08-16,38.346038818359375,69.6573486328125,978.1799926757812,944.27001953125,40.84477996826172,81.70117950439453,72.58200073242188,32.23088836669922
2017-08-17,37.609859466552734,68.47512817382812,960.5700073242188,927.6599731445312,39.93464660644531,80.42362976074219,70.38400268554688,31.74308204650879
2017-08-18,37.52409362792969,68.56022644042969,958.469970703125,926.1799926757812,39.94207763671875,80.50347137451172,69.49199676513672,31.80516815185547
2017-08-21,37.45499038696289,68.23868560791016,953.2899780273438,920.8699951171876,39.360870361328125,80.40587615966797,67.5719985961914,31.91159439086914
2017-08-22,38.06728744506836,69.19393920898438,966.9000244140624,940.4000244140624,40.23715591430664,81.23095703125,68.2699966430664,32.39054107666016
2017-08-23,38.11494064331055,68.77779388427734,958.0,942.5800170898438,41.04165267944336,81.32855987548828,70.55400085449219,32.443756103515625
2017-08-24,37.945777893066406,68.74942016601562,952.4500122070312,936.8900146484376,40.89065170288086,81.19547271728516,70.58599853515625,32.66549301147461
2017-08-25,38.08636093139648,68.87235260009766,945.260009765625,930.5,40.549049377441406,81.52373504638672,69.61000061035156,32.6832275390625
2017-08-28,38.46993255615234,68.88182067871094,946.02001953125,928.1300048828124,40.83619689941406,81.26644134521484,69.13200378417969,32.61227035522461
2017-08-29,38.81300354003906,69.08988189697266,954.0599975585938,935.75,40.76936721801758,80.82284545898438,69.47200012207031,32.709835052490234
2017-08-30,38.9178352355957,69.99785614013672,967.5900268554688,943.6300048828124,41.01194381713867,81.00917053222656,70.63600158691406,32.754180908203125
2017-08-31,39.07270431518555,70.71662902832031,980.5999755859376,955.239990234375,41.94268035888672,80.63654327392578,71.18000030517578,32.78965759277344
2017-09-01,39.08461380004883,69.931640625,978.25,951.989990234375,42.1951789855957,81.35516357421875,71.08000183105469,33.011383056640625
2017-09-05,38.615264892578125,69.61952209472656,965.27001953125,941.47998046875,41.06888198852539,79.41224670410156,69.91799926757812,32.6832275390625
2017-09-06,38.57476806640625,69.42091369628906,967.7999877929688,942.02001953125,41.04412078857422,79.94454956054688,68.90599822998047,33.05572509765625
2017-09-07,38.419898986816406,70.30995178222656,979.469970703125,949.8900146484376,41.23473739624024,78.54278564453125,70.12200164794922,33.29520034790039
2017-09-08,37.79331588745117,69.96946716308594,965.9000244140624,941.4099731445312,40.51933670043945,78.44519805908203,68.68000030517578,33.25972366333008
2017-09-11,38.47706985473633,70.70719909667969,977.9600219726562,943.2899780273438,41.833763122558594,79.66062927246094,72.73799896240234,33.561279296875
2017-09-12,38.32459259033203,70.63152313232422,982.5800170898438,946.6500244140624,41.984771728515625,80.63654327392578,72.55000305175781,33.57902145385742
2017-09-13,38.03631210327149,71.13279724121094,999.5999755859376,950.4400024414062,42.17289352416992,80.86721801757812,73.24600219726562,33.28632736206055
2017-09-14,37.70991134643555,70.71662902832031,992.2100219726562,940.1300048828124,41.93277740478516,80.70751953125,75.52799987792969,33.153289794921875
2017-09-15,38.09111404418945,71.22736358642578,986.7899780273438,935.2899780273438,44.58390045166016,81.28421020507812,75.96199798583984,33.392757415771484
2017-09-18,37.802833557128906,71.08551788330078,974.1900024414062,929.75,46.42558288574219,82.43753051757812,77.0,33.7652702331543
2017-09-19,37.81712341308594,71.35033416748047,969.8599853515624,936.8599853515624,46.37607192993164,83.34247589111328,75.0199966430664,33.96926498413086
2017-09-20,37.18339157104492,70.87743377685547,973.2100219726562,947.5399780273438,46.00228500366211,83.92802429199219,74.78199768066406,33.54354476928711
2017-09-21,36.544883728027344,70.18699645996094,964.6500244140624,947.5499877929688,44.74480056762695,84.30949401855469,73.2959976196289,33.916046142578125
2017-09-22,36.18751525878906,70.37615203857422,955.0999755859376,943.260009765625,44.30913543701172,84.13207244873047,70.21800231933594,33.49919509887695
2017-09-25,35.86826705932617,69.28849792480469,939.7899780273438,934.280029296875,42.32883834838867,83.50216674804688,68.99800109863281,32.87834930419922
2017-09-26,36.48532104492188,69.28849792480469,938.5999755859376,937.4299926757812,42.56647872924805,83.12953186035156,69.05000305175781,32.9404296875
2017-09-27,36.74501037597656,69.84651947021484,950.8699951171876,959.9000244140624,43.49968338012695,84.44259643554688,68.19400024414062,33.037994384765625
2017-09-28,36.5186882019043,69.86543273925781,956.4000244140624,964.8099975585938,43.48731994628906,84.62001037597656,67.91999816894531,32.8606071472168
2017-09-29,36.71880340576172,70.45182037353516,961.3499755859376,973.719970703125,44.252201080322266,84.73535919189453,68.22000122070312,33.30406951904297
2017-10-02,36.64494323730469,70.56532287597656,959.1900024414062,967.469970703125,44.30913543701172,85.91532897949219,68.30599975585938,33.818485260009766
2017-10-03,36.80457305908203,70.23429870605469,957.0999755859376,972.0800170898438,44.40072250366211,86.36778259277344,69.62799835205078,34.09343338012695
2017-10-04,36.56632614135742,70.64097595214844,965.4500122070312,966.780029296875,44.77202987670898,85.48947143554688,71.00199890136719,33.94265365600586
2017-10-05,37.02138519287109,71.85157775878906,980.8499755859376,985.1900024414062,44.74728393554688,86.64061737060547,71.06600189208984,34.11117172241211
2017-10-06,36.99994659423828,71.87996673583984,989.5800170898438,993.6400146484376,44.87846755981445,86.48892974853516,71.3759994506836,34.11117172241211
2017-10-09,37.12859725952149,72.15424346923828,990.989990234375,992.3099975585938,45.89090347290039,86.0338134765625,68.58799743652344,34.38612365722656
2017-10-10,37.14289093017578,72.15424346923828,987.2000122070312,987.7999877929688,46.767181396484375,86.67631530761719,71.11799621582031,34.56350326538086
2017-10-11,37.29774856567383,72.27717590332031,995.0,1005.6500244140624,47.26473236083984,86.41754150390625,70.91999816894531,35.78745651245117
2017-10-12,37.16671752929688,72.93925476074219,1000.9299926757812,1005.6500244140624,47.28700637817383,85.65901184082031,71.13600158691406,35.86728286743164
2017-10-13,37.40258026123047,73.2891845703125,1002.9400024414062,1007.8699951171876,48.168243408203125,85.54300689697266,71.11399841308594,36.20431900024414
2017-10-16,38.09111404418945,73.4405288696289,1006.3400268554688,1009.3499755859376,48.99501419067383,87.30989074707031,70.12000274658203,36.26639938354492
2017-10-17,38.23168182373047,73.38377380371094,1009.1300048828124,1011.0,48.95045852661133,87.11360168457031,71.1500015258789,36.58570098876953
2017-10-18,38.06251907348633,73.40267181396484,997.0,1012.739990234375,48.90837860107422,87.44377899169922,71.93000030517578,36.807430267333984
2017-10-19,37.16194915771485,73.68643188476562,986.6099853515624,1001.8400268554688,48.962833404541016,87.55084228515625,70.36199951171875,36.42605209350586
2017-10-20,37.22628021240234,74.53762817382812,982.9099731445312,1005.0700073242188,48.74005889892578,88.80016326904297,69.0199966430664,36.47039413452149
2017-10-23,37.207218170166016,74.55655670166016,966.2999877929688,985.5399780273438,48.670745849609375,88.64846801757812,67.40399932861328,36.55022048950195
2017-10-24,37.42878723144531,74.58493041992188,975.9000244140624,988.489990234375,49.18066787719727,90.05841827392578,67.46800231933594,36.64778518676758
2017-10-25,37.2643928527832,74.36738586425781,972.9099731445312,991.4600219726562,47.938026428222656,90.1476593017578,65.16799926757812,36.50587844848633
2017-10-26,37.50263977050781,74.4903564453125,972.4299926757812,991.4199829101562,48.44053649902344,90.7901840209961,65.23400115966797,36.541351318359375
2017-10-27,38.84637069702149,79.26659393310547,1100.949951171875,1033.6700439453125,49.96783065795898,90.81693267822266,64.17400360107422,37.383934020996094
2017-10-30,39.720733642578125,79.34223937988281,1110.8499755859375,1033.1300048828125,50.45796203613281,90.49569702148438,64.01599884033203,37.36619186401367
2017-10-31,40.273468017578125,78.67073059082031,1105.280029296875,1033.0400390625,51.193145751953125,89.78176879882812,66.30599975585938,37.5435791015625
2017-11-01,39.7612419128418,78.67073059082031,1103.6800537109375,1042.5999755859375,51.2896842956543,90.05841827392578,64.21600341796875,37.33958435058594
2017-11-02,40.051902770996094,79.49356079101562,1094.219970703125,1042.969970703125,50.977787017822266,90.65631103515624,59.85200119018555,37.383934020996094
2017-11-03,41.09780502319336,79.57870483398438,1111.5999755859375,1049.989990234375,51.65851211547852,90.49569702148438,61.21799850463867,37.41940689086914
2017-11-06,41.51474380493164,79.89080047607422,1120.6600341796875,1042.6800537109375,51.89120101928711,89.93348693847656,60.555999755859375,37.63227462768555
2017-11-07,41.64816665649414,79.7016372680664,1123.1700439453125,1052.3900146484375,52.48528289794922,88.12197875976562,61.209999084472656,37.70322036743164
2017-11-08,41.98885726928711,79.97590637207031,1132.8800048828125,1058.2900390625,51.77484893798828,87.13143157958984,60.87799835205078,37.63227462768555
2017-11-09,41.90309143066406,79.53140258789062,1129.1300048828125,1047.719970703125,50.82431411743164,87.12250518798828,60.59799957275391,36.931602478027344
2017-11-10,41.76441192626953,79.32332611083984,1125.3499755859375,1044.1500244140625,53.502662658691406,87.01543426513672,60.59799957275391,37.0025520324707
2017-11-13,41.5970344543457,79.38008117675781,1129.1700439453125,1041.199951171875,52.6338119506836,87.3277587890625,63.08000183105469,37.259761810302734
2017-11-14,40.96818542480469,79.49356079101562,1136.8399658203125,1041.6400146484375,53.01749038696289,86.80126190185547,61.7400016784668,37.1267204284668
2017-11-15,40.42781829833984,78.87572479248047,1126.68994140625,1036.4100341796875,51.97783660888672,87.62223815917969,62.2599983215332,36.84291076660156
2017-11-16,40.91079711914063,79.0848388671875,1137.2900390625,1048.469970703125,52.381324768066406,87.87210083007812,62.5,37.33958435058594
2017-11-17,40.68364715576172,78.32440185546875,1129.8800048828125,1035.8900146484375,52.31943893432617,87.5776138305664,63.0099983215332,37.31297302246094
2017-11-20,40.643009185791016,78.44798278808594,1126.31005859375,1034.6600341796875,52.99273681640625,88.3539810180664,61.74800109863281,37.437137603759766
2017-11-21,41.39857482910156,79.5791244506836,1139.489990234375,1050.300048828125,53.48039245605469,88.28260040283203,63.5620002746582,37.76531219482422
2017-11-22,41.83375549316406,78.99929809570312,1156.1600341796875,1051.9200439453125,53.24010467529297,88.0238037109375,62.52000045776367,37.61453628540039
2017-11-24,41.83613967895508,79.14187622070312,1186.0,1056.52001953125,53.742958068847656,87.7382583618164,63.11000061035156,38.12895584106445
2017-11-27,41.6257209777832,79.7217025756836,1195.8299560546875,1072.010009765625,53.0444221496582,87.39021301269531,63.36199951171875,36.44378662109375
2017-11-28,41.3818359375,80.6817398071289,1193.5999755859375,1063.2900390625,52.19478225708008,90.4510726928711,63.5099983215332,36.3018798828125
2017-11-29,40.52344512939453,79.21790313720703,1161.27001953125,1037.3800048828125,48.6550178527832,92.56600189208984,61.507999420166016,34.95375442504883
2017-11-30,41.09012985229492,80.00685119628906,1176.75,1036.1700439453125,49.71768951416016,93.27096557617188,61.77000045776367,35.12226104736328
2017-12-01,40.89884185791016,80.0924072265625,1162.3499755859375,1025.0699462890625,48.96712493896485,93.51190185546876,61.305999755859375,35.21096420288086
2017-12-04,40.59996795654297,77.06969451904297,1133.949951171875,1011.8699951171876,46.23737716674805,95.43944549560548,61.040000915527344,34.93601608276367
2017-12-05,40.56170654296875,77.55445098876953,1141.5699462890625,1019.5999755859376,46.50490188598633,94.34181213378906,60.7400016784668,34.76749801635742
2017-12-06,40.41107177734375,78.68560028076172,1152.3499755859375,1032.719970703125,46.88141632080078,93.63683319091795,62.652000427246094,34.306297302246094
2017-12-07,40.485198974609375,78.40995025634766,1159.7900390625,1044.5699462890625,47.55766296386719,93.3602066040039,62.24800109863281,34.59897994995117
2017-12-08,40.49715042114258,79.99736785888672,1162.0,1049.3800048828125,47.43381118774414,94.52921295166016,63.0260009765625,34.590110778808594
2017-12-11,41.28619384765625,81.01445007324219,1168.9200439453125,1051.969970703125,48.21904754638672,94.2525863647461,65.78199768066406,34.91828155517578
2017-12-12,41.05425643920898,81.34712219238281,1165.0799560546875,1048.77001953125,47.27279281616211,95.35020446777344,68.20600128173828,34.85619354248047
2017-12-13,41.1905517578125,81.12849426269531,1164.1300048828125,1051.3900146484375,46.11847686767578,94.15443420410156,67.80599975585938,34.84732437133789
2017-12-14,41.17860794067383,80.50113677978516,1174.260009765625,1057.469970703125,46.1903076171875,93.39590454101562,67.5780029296875,34.94488525390625
2017-12-15,41.5970344543457,82.5542984008789,1179.1400146484375,1072.0,47.451148986816406,94.71662139892578,68.69000244140625,35.033573150634766
2017-12-18,42.18283462524414,82.10755157470703,1190.5799560546875,1085.0899658203125,49.02162551879883,95.44835662841795,67.77400207519531,34.94488525390625
2017-12-19,41.73332214355469,81.5847396850586,1187.3800048828125,1079.780029296875,48.578224182128906,95.04679870605467,66.22000122070312,34.89167404174805
2017-12-20,41.68789291381836,81.29009246826172,1177.6199951171875,1073.56005859375,48.7491455078125,94.71662139892578,65.7959976196289,34.98036193847656
2017-12-21,41.845699310302734,81.27108764648438,1174.760009765625,1070.8499755859375,48.52373504638672,96.2247314453125,66.33200073242188,34.79410934448242
2017-12-22,41.845699310302734,81.28056335449219,1168.3599853515625,1068.8599853515625,48.37015151977539,95.8856201171875,65.04000091552734,35.14888000488281
2017-12-26,40.78408432006836,81.17601776123047,1176.760009765625,1065.8499755859375,48.907676696777344,95.50191497802734,63.45800018310547,34.5457649230957
2017-12-27,40.7912483215332,81.4706802368164,1182.260009765625,1060.199951171875,48.84080123901367,95.68038940429688,62.32799911499024,34.661067962646484
2017-12-28,40.9060173034668,81.48019409179688,1186.0999755859375,1055.949951171875,48.89776992797852,96.18903350830078,63.071998596191406,35.24644088745117
2017-12-29,40.46367645263672,81.30909729003906,1169.469970703125,1053.4000244140625,47.93171310424805,95.43052673339844,62.27000045776367,35.1666145324707
2018-01-02,41.18817138671875,81.69879913330078,1189.010009765625,1073.2099609375,49.38079833984375,96.33181762695312,64.10600280761719,36.38170623779297
2018-01-03,41.18098068237305,82.07902526855469,1204.199951171875,1091.52001953125,52.63074493408203,96.42996978759766,63.45000076293945,36.99367904663086
2018-01-04,41.37226867675781,82.80143737792969,1209.5899658203125,1095.760009765625,52.90817642211914,97.8114013671875,62.92399978637695,36.79855728149414
2018-01-05,41.84330749511719,83.82803344726562,1229.1400146484375,1110.2900390625,53.35653305053711,97.1834716796875,63.31600189208984,37.65887069702149
2018-01-08,41.68789291381836,83.91356658935547,1246.8699951171875,1114.2099609375,54.99140930175781,97.32701110839844,67.28199768066406,37.64113235473633
2018-01-09,41.6831169128418,83.85653686523438,1252.699951171875,1112.7900390625,54.976539611816406,97.8203582763672,66.73799896240234,37.41054153442383
2018-01-10,41.67354202270508,83.47632598876953,1254.3299560546875,1110.1400146484375,55.40755462646485,98.89680480957033,66.95999908447266,36.63004302978516
2018-01-11,41.910255432128906,83.72345733642578,1276.6800537109375,1112.050048828125,55.50664520263672,99.42604064941406,67.58999633789062,36.390567779541016
2018-01-12,42.343048095703125,85.16828155517578,1305.199951171875,1130.6500244140625,55.234161376953125,101.06758880615234,67.24400329589844,36.53247833251953
2018-01-16,42.12784194946289,83.98009490966797,1304.8599853515625,1130.699951171875,54.52324295043945,100.70877075195312,68.01200103759766,37.454891204833984
2018-01-17,42.82364273071289,85.68157958984375,1295.0,1139.0999755859375,55.665184020996094,101.35464477539062,69.43199920654297,38.253116607666016
2018-01-18,42.86189270019531,85.6435546875,1293.3199462890625,1135.969970703125,55.5958137512207,101.59683990478516,68.91400146484375,39.5302848815918
2018-01-19,42.67061614990234,85.54849243164062,1294.5799560546875,1143.5,57.000335693359375,101.37256622314452,70.00399780273438,39.61897659301758
2018-01-22,42.32151794433594,87.07886505126953,1327.31005859375,1164.1600341796875,57.88712692260742,102.556640625,70.31199645996094,41.13562774658203
2018-01-23,42.33106994628906,87.35453033447266,1362.5400390625,1176.1700439453125,59.180171966552734,102.44900512695312,70.55799865722656,41.04693603515625
2018-01-24,41.65681076049805,87.27847290039062,1357.510009765625,1171.2900390625,58.4097900390625,103.75865173339844,69.1780014038086,40.20435333251953
2018-01-25,40.9131965637207,87.76324462890625,1377.949951171875,1182.1400146484375,58.546043395996094,103.78555297851562,67.52799987792969,40.00035858154297
2018-01-26,41.00883102416992,89.40768432617188,1402.050048828125,1187.56005859375,60.27504348754883,104.34172058105467,68.56999969482422,40.55026245117188
2018-01-29,40.1600227355957,89.27460479736328,1417.6800537109375,1186.47998046875,61.14697265625,104.23407745361328,69.90599822998047,40.26644134521485
2018-01-30,39.92329406738281,88.15299224853516,1437.8199462890625,1177.3699951171875,60.12393951416016,103.2563247680664,69.16400146484375,39.80524444580078
2018-01-31,40.03328704833984,90.31069946289062,1450.8900146484375,1182.219970703125,60.88688659667969,103.75865173339844,70.86199951171875,40.186614990234375
2018-02-01,40.11698532104492,89.59778594970703,1390.0,1181.5899658203125,59.57402801513672,104.8350830078125,69.8499984741211,40.31078720092773
2018-02-02,38.37628936767578,87.24044799804688,1429.949951171875,1119.199951171875,57.84501266479492,102.51179504394533,68.75,39.47706604003906
2018-02-05,37.41748046875,83.64742279052734,1390.0,1062.3900146484375,52.9354248046875,97.59610748291016,66.6259994506836,38.09346771240234
2018-02-06,38.981224060058594,86.8127212524414,1442.8399658203125,1084.4300537109375,55.87821578979492,100.56525421142578,66.79399871826172,38.66110229492188
2018-02-07,38.146751403808594,85.17779541015625,1416.780029296875,1055.4100341796875,56.67583465576172,101.24698638916016,69.0,37.14445877075195
2018-02-08,37.09708023071289,80.8053207397461,1350.5,1007.7100219726562,53.88167953491211,96.77083587646484,63.04600143432617,35.796329498291016
2018-02-09,37.55082702636719,83.81851196289062,1339.5999755859375,1046.27001953125,57.48832321166992,98.70841217041016,62.08399963378906,36.78082275390625
2018-02-12,39.06333160400391,84.72151947021484,1386.22998046875,1054.56005859375,56.4850959777832,100.23334503173828,63.14599990844727,37.72096252441406
2018-02-13,39.45466613769531,85.38689422607422,1414.510009765625,1054.1400146484375,57.62455368041992,100.85230255126952,64.73200225830078,37.587921142578125
2018-02-14,40.18210983276367,86.72391510009766,1451.050048828125,1072.699951171875,59.80192565917969,103.18455505371094,64.46199798583984,38.182159423828125
2018-02-15,41.53135681152344,88.49064636230469,1461.760009765625,1091.3599853515625,61.060279846191406,103.6151351928711,66.81400299072266,38.59902191162109
2018-02-16,41.39690017700195,87.8603515625,1448.68994140625,1095.5,60.40138244628906,102.87059783935548,67.0979995727539,38.56354141235352
2018-02-20,41.25766372680664,88.54796600341797,1468.3499755859375,1103.5899658203125,61.69937515258789,102.8975067138672,66.9540023803711,38.79414367675781
2018-02-21,41.07039260864258,87.3733139038086,1482.9200439453125,1113.75,59.824214935302734,103.3280792236328,66.66000366210938,38.04025268554688
2018-02-22,41.41371536254883,87.60252380371094,1485.3399658203125,1109.9000244140625,60.02002716064453,103.13971710205078,69.23400115966797,37.5967903137207
2018-02-23,42.13394546508789,89.82767486572266,1500.0,1128.0899658203125,60.95694732666016,105.2297821044922,70.41000366210938,38.93605422973633
2018-02-26,42.9670295715332,91.12649536132812,1521.949951171875,1143.699951171875,61.11806869506836,106.5394287109375,71.48400115966797,39.38838195800781
2018-02-27,42.82777786254883,89.96136474609375,1511.97998046875,1117.510009765625,60.98917770385742,105.27462768554688,70.197998046875,38.68771362304688
2018-02-28,42.76295852661133,89.55072784423828,1512.449951171875,1103.9200439453125,59.98284149169922,103.60616302490234,68.61199951171875,38.44823455810547
2018-03-01,42.01391220092773,88.672119140625,1493.449951171875,1071.4100341796875,57.556278228759766,101.74932098388672,66.18599700927734,37.88948822021485
2018-03-02,42.30441284179688,88.8631362915039,1500.25,1084.1400146484375,58.629512786865234,101.6506576538086,67.02400207519531,38.14668655395508
2018-03-05,42.45086288452149,89.42657470703125,1523.6099853515625,1094.760009765625,58.408912658691406,103.2114715576172,66.66999816894531,38.572410583496094
2018-03-06,42.41484451293945,89.12096405029297,1537.6400146484375,1100.9000244140625,60.02250289916992,103.30118560791016,65.63999938964844,38.61676025390625
2018-03-07,42.02111053466797,89.63666534423828,1545.0,1115.0400390625,59.94319915771485,102.91545867919922,66.45999908447266,39.20212936401367
2018-03-08,42.47966384887695,90.1810302734375,1551.8599853515625,1129.3800048828125,59.77959442138672,102.92443084716795,65.81999969482422,38.84735107421875
2018-03-09,43.20949935913086,92.19609832763672,1578.8900146484375,1160.8399658203125,60.80824279785156,105.88460540771484,65.43399810791016,39.54803085327149
2018-03-12,43.62724304199219,92.41573333740234,1598.3900146484375,1165.9300537109375,61.9062614440918,105.54373168945312,69.10199737548828,40.10679244995117
2018-03-13,43.20710372924805,90.16191864013672,1588.1800537109375,1139.9100341796875,61.39814758300781,104.27892303466795,68.36799621582031,39.90280151367188
2018-03-14,42.839786529541016,89.62712097167969,1591.0,1148.8900146484375,61.65345001220703,103.11280822753906,65.32599639892578,40.044708251953125
2018-03-15,42.89020156860352,89.9422836303711,1582.3199462890625,1150.6099853515625,61.802154541015625,103.3729476928711,65.12000274658203,40.186614990234375
2018-03-16,42.73895263671875,90.34337615966795,1571.6800537109375,1134.4200439453125,62.0847282409668,103.55235290527344,64.2699966430664,39.88506317138672
2018-03-19,42.0859375,88.7103271484375,1544.9300537109375,1100.0699462890625,59.7349853515625,102.73604583740234,62.71200180053711,39.5568962097168
2018-03-20,42.07152938842773,88.93952178955078,1586.510009765625,1095.800048828125,61.86164855957031,102.834716796875,62.11000061035156,39.76089096069336
2018-03-21,41.11841583251953,88.31877899169922,1581.8599853515625,1094.0,61.608829498291016,102.92443084716795,63.305999755859375,39.64559173583984
2018-03-22,40.53742599487305,85.74980926513672,1544.9200439453125,1053.1500244140625,59.9456672668457,98.6276626586914,61.81999969482422,38.74979019165039
2018-03-23,39.59871292114258,83.25724792480469,1495.56005859375,1026.550048828125,57.7446517944336,95.9904327392578,60.30799865722656,37.76531219482422
2018-03-26,41.47853088378906,89.56026458740234,1555.8599853515625,1054.0899658203125,60.59754943847656,98.95060729980467,60.83599853515625,39.26421737670898
2018-03-27,40.41497802734375,85.44420623779297,1497.050048828125,1006.9400024414062,55.8980598449707,97.0309829711914,55.83599853515625,38.39502716064453
2018-03-28,39.96844100952149,85.36781311035156,1431.4200439453125,1005.1799926757812,54.864479064941406,96.87849426269533,51.555999755859375,37.86287307739258
2018-03-29,40.280540466308594,87.16320037841797,1447.3399658203125,1037.1400146484375,57.402587890625,98.64562225341795,53.22600173950195,38.81188201904297
2018-04-02,40.01645278930664,84.53694915771484,1371.989990234375,1012.6300048828124,54.79011917114258,96.74393463134766,50.49599838256836,37.69435501098633
2018-04-03,40.42698669433594,85.67342376708984,1392.050048828125,1018.6799926757812,55.85593032836914,98.07152557373048,53.50600051879883,38.56354141235352
2018-04-04,41.20003509521485,88.17550659179688,1410.5699462890625,1029.7099609375,56.0765266418457,99.5605926513672,57.38800048828125,38.971527099609375
2018-04-05,41.48573303222656,88.2232666015625,1451.75,1032.6400146484375,54.871917724609375,100.86785888671876,61.14400100708008,38.421634674072266
2018-04-06,40.424591064453125,86.1700210571289,1405.22998046875,1009.9500122070312,53.10464477539063,98.35247802734376,59.86000061035156,37.62339782714844
2018-04-09,40.82551956176758,86.68569946289062,1406.0799560546875,1020.0900268554688,53.39216995239258,99.53353881835938,57.93199920654297,38.19991302490234
2018-04-10,41.59376907348633,88.70077514648438,1436.219970703125,1036.5,56.490455627441406,101.43585968017578,60.93999862670898,38.6522331237793
2018-04-11,41.39930725097656,87.72667694091797,1427.050048828125,1025.06005859375,56.0765266418457,99.7318878173828,60.18600082397461,38.47484970092773
2018-04-12,41.80743789672852,89.3692626953125,1448.5,1037.2900390625,58.14867401123047,102.2112045288086,58.81600189208984,38.89170455932617
2018-04-13,41.94909286499024,88.89178466796875,1430.7900390625,1036.0400390625,57.38028717041016,99.443359375,60.06800079345703,37.827392578125
2018-04-16,42.21078109741211,89.93272399902344,1441.5,1046.0999755859375,57.377811431884766,99.36224365234376,58.242000579833984,38.02251434326172
2018-04-17,42.79177474975586,91.74723052978516,1503.8299560546875,1079.3599853515625,58.87737274169922,99.36224365234376,57.53799819946289,37.525840759277344
2018-04-18,42.69572830200195,92.1005859375,1527.8399658203125,1075.3900146484375,58.58738327026367,98.55984497070312,58.66999816894531,37.17993927001953
2018-04-19,41.48573303222656,91.7854232788086,1556.9100341796875,1089.449951171875,56.77053451538086,100.72362518310548,60.01599884033203,35.06018829345703
2018-04-20,39.78597259521485,90.7253875732422,1527.489990234375,1077.3199462890625,56.68874740600586,100.49821472167967,58.04800033569336,34.5457649230957
2018-04-23,39.67073440551758,91.05963897705078,1517.8599853515625,1073.81005859375,55.49156188964844,100.01138305664062,56.67399978637695,34.368385314941406
2018-04-24,39.11855316162109,88.92997741699219,1460.0899658203125,1022.6400146484376,54.82729721069336,99.54255676269533,56.69200134277344,34.368385314941406
2018-04-25,39.28900146484375,88.15641021728516,1460.1700439453125,1022.989990234375,53.70199966430664,99.16389465332033,56.13800048828125,33.853965759277344
2018-04-26,39.42585372924805,90.01866912841797,1517.9599609375,1043.31005859375,55.823707580566406,99.26306915283205,57.09600067138672,33.853965759277344
2018-04-27,38.96969985961914,91.50848388671876,1572.6199951171875,1031.449951171875,56.09883499145508,98.63196563720705,58.81600189208984,33.853965759277344
2018-04-30,39.675540924072266,89.31196594238281,1566.1300048828125,1018.5800170898438,55.744384765625,98.07299041748048,58.77999877929688,34.10230255126953
2018-05-01,40.59744644165039,90.7253875732422,1582.260009765625,1040.75,56.299598693847656,98.07299041748048,59.98400115966797,34.52803039550781
2018-05-02,42.39083862304688,89.30241394042969,1569.6800537109375,1026.050048828125,56.093875885009766,97.29763793945312,60.22999954223633,33.48145294189453
2018-05-03,42.46766662597656,89.83722686767578,1572.0799560546875,1026.300048828125,57.74959945678711,96.6845703125,56.88999938964844,33.79187774658203
2018-05-04,44.1338119506836,90.87818908691406,1580.949951171875,1051.0,59.25413131713867,97.7574462890625,58.81800079345703,34.22647476196289
2018-05-07,44.453125,91.89048767089844,1600.1400146484375,1059.4599609375,61.63857269287109,98.60491943359376,60.55400085449219,34.10230255126953
2018-05-08,44.66679000854492,91.49891662597656,1592.3900146484375,1058.5899658203125,62.06489944458008,100.06546020507812,60.39400100708008,34.749759674072266
2018-05-09,44.981292724609375,92.57808685302734,1608.0,1088.949951171875,63.39839553833008,102.24727630615234,61.369998931884766,34.900535583496094
2018-05-10,45.62470626831055,93.5044403076172,1609.0799560546875,1105.469970703125,64.47660827636719,103.04065704345705,61.00400161743164,35.27304458618164
2018-05-11,45.45118713378906,93.30387878417967,1602.9100341796875,1103.3800048828125,63.088565826416016,102.65296936035156,60.21200180053711,35.397216796875
2018-05-14,45.34514236450195,93.6190414428711,1601.5400390625,1106.5999755859375,63.29430389404297,102.68904876708984,58.39400100708008,35.43269348144531
2018-05-15,44.93302536010742,92.94098663330078,1576.1199951171875,1084.8699951171875,60.86524200439453,101.90467071533205,56.83599853515625,34.85619354248047
2018-05-16,45.35236358642578,93.1807861328125,1587.280029296875,1084.0899658203125,60.97677612304688,102.18415069580078,57.29600143432617,35.29078674316406
2018-05-17,45.065574645996094,92.25040435791016,1581.760009765625,1081.260009765625,61.39814758300781,101.841552734375,56.90800094604492,34.55463790893555
2018-05-18,44.90169143676758,92.4230499267578,1574.3699951171875,1069.6400146484375,60.95942687988281,100.19168090820312,55.36399841308594,34.07569122314453
2018-05-21,45.21981430053711,93.61238861083984,1585.4599609375,1084.010009765625,60.53805923461914,101.11129760742188,56.89799880981445,35.006961822509766
2018-05-22,45.10654830932617,93.51647186279295,1581.4000244140625,1075.31005859375,60.156349182128906,101.88664245605467,55.00199890136719,35.15775680541992
2018-05-23,45.39574813842773,94.62908935546876,1601.8599853515625,1085.9599609375,61.39394760131836,101.41783142089844,55.81399917602539,35.1666145324707
2018-05-24,45.34514236450195,94.29339599609376,1603.0699462890625,1085.449951171875,61.431148529052734,100.28184509277344,55.56999969482422,34.82958221435547
2018-05-25,45.44877624511719,94.3413314819336,1610.1500244140625,1084.0799560546875,61.82549285888672,99.7679443359375,55.77000045776367,34.85619354248047
2018-05-29,45.28489303588867,94.00563049316406,1612.8699951171875,1068.0699462890625,61.65437316894531,95.50350952148438,56.75199890136719,33.8450927734375
2018-05-30,45.1884765625,94.90723419189452,1624.8900146484375,1077.469970703125,62.74563980102539,97.685302734375,58.34400177001953,34.00474166870117
2018-05-31,45.0366439819336,94.8017349243164,1629.6199951171875,1100.0,62.54722595214844,96.47722625732422,56.94599914550781,34.32403945922852
2018-06-01,45.84884643554688,96.67206573486328,1641.5400390625,1135.0,63.893951416015625,97.73038482666016,58.36399841308594,34.76749801635742
2018-06-04,46.23204803466797,97.51611328125,1665.27001953125,1153.0400390625,65.68711853027344,97.77547454833984,59.34799957275391,35.450439453125
2018-06-05,46.58872222900391,98.01485443115234,1696.3499755859375,1151.02001953125,65.7416763305664,97.22550201416016,58.22600173950195,35.069053649902344
2018-06-06,46.75019454956055,98.3025894165039,1695.75,1146.949951171875,65.76151275634766,99.49746704101562,63.900001525878906,35.086795806884766
2018-06-07,46.624881744384766,96.75838470458984,1689.300048828125,1134.4200439453125,65.20347595214844,99.89418029785156,63.21799850463867,35.05131530761719
2018-06-08,46.200714111328125,97.47772216796876,1683.989990234375,1132.7099609375,65.04971313476562,100.17366027832033,63.53200149536133,34.52803039550781
2018-06-11,46.08742904663086,96.9214324951172,1689.1199951171875,1140.9000244140625,64.63801574707031,99.92121887207033,66.41999816894531,34.37724685668945
2018-06-12,46.34048843383789,97.1707992553711,1698.75,1148.18994140625,65.12410736083984,99.34420776367188,68.55400085449219,34.76749801635742
2018-06-13,45.95970153808594,96.7296142578125,1704.8599853515625,1144.22998046875,65.0794677734375,99.1458511352539,68.95600128173828,34.63446044921875
2018-06-14,45.98379898071289,97.2763214111328,1723.8599853515625,1160.1099853515625,66.19803619384766,97.39682006835938,71.54399871826172,34.235347747802734
2018-06-15,45.51143264770508,96.03903198242188,1715.969970703125,1159.27001953125,65.788818359375,97.27960968017578,71.63400268554688,34.31516647338867
2018-06-18,45.487335205078125,96.73919677734376,1723.7900390625,1183.5799560546875,65.74663543701172,97.53205871582033,74.16600036621094,33.9249153137207
2018-06-19,44.75227355957031,96.73919677734376,1734.780029296875,1178.68994140625,64.5263900756836,96.96405029296876,70.51000213623047,33.31293869018555
2018-06-20,44.94747924804688,97.70793151855467,1750.0799560546875,1184.0699462890625,65.0571517944336,96.9550552368164,72.44400024414062,34.013607025146484
2018-06-21,44.69683837890625,97.00775909423828,1730.219970703125,1169.43994140625,63.7674674987793,96.92799377441406,69.50199890136719,33.36615753173828
2018-06-22,44.56669235229492,96.30758666992188,1715.6700439453125,1169.2900390625,62.23969268798828,95.34122467041016,66.72599792480469,33.80961990356445
2018-06-25,43.9039192199707,94.3701171875,1663.1500244140625,1139.280029296875,59.3056526184082,94.47572326660156,66.60199737548828,33.56598663330078
2018-06-26,44.4485969543457,95.03192138671876,1691.0899658203125,1132.6199951171875,60.01747131347656,94.5388412475586,68.4000015258789,33.520015716552734
2018-06-27,44.38352584838867,93.55485534667967,1660.510009765625,1116.93994140625,58.46239471435547,93.07826232910156,68.9000015258789,32.64662170410156
2018-06-28,44.70647430419922,94.6003189086914,1701.449951171875,1126.780029296875,59.73720169067383,94.60193634033205,69.98600006103516,33.04194259643555
2018-06-29,44.612491607666016,94.58112335205078,1699.800048828125,1129.18994140625,58.75505828857422,93.94378662109376,68.58999633789062,33.611961364746094
2018-07-02,45.11136245727539,95.92391967773438,1713.780029296875,1142.1099853515625,60.0794677734375,94.73717498779295,67.01399993896484,33.59357452392578
2018-07-03,44.32568359375,95.00314331054688,1693.9599609375,1116.280029296875,58.74018478393555,93.411865234375,62.172000885009766,33.455665588378906
2018-07-05,44.682373046875,95.68413543701172,1699.72998046875,1141.2900390625,60.20099258422852,94.01919555664062,61.83200073242188,33.6395378112793
2018-07-06,45.3017578125,97.02694702148438,1710.6300048828125,1155.0799560546875,61.34186935424805,94.32740783691406,61.77999877929688,34.264705657958984
2018-07-09,45.93077850341797,97.68875122070312,1739.02001953125,1167.280029296875,61.818058013916016,97.24622344970705,63.70199966430664,34.77954864501953
2018-07-10,45.87535095214844,97.9477310180664,1743.0699462890625,1167.1400146484375,62.81012725830078,96.6479721069336,64.49400329589844,34.871490478515625
2018-07-11,45.28007125854492,97.8134536743164,1755.0,1171.4599609375,61.39147186279297,96.43949127197266,63.79199981689453,33.98889923095703
2018-07-12,46.03923034667969,99.93313598632812,1796.6199951171875,1201.260009765625,62.30912780761719,96.85643768310548,63.34199905395508,34.301483154296875
2018-07-13,46.11153411865234,101.12248229980467,1813.030029296875,1204.4200439453125,61.83542251586914,96.41228485107422,63.77399826049805,34.724395751953125
2018-07-16,46.01031875610352,100.62374877929688,1822.489990234375,1196.510009765625,61.55764389038086,100.23758697509766,62.02000045776367,34.74278259277344
2018-07-17,46.14044952392578,101.62123107910156,1843.9300537109373,1213.0799560546875,62.91925430297852,100.16507720947266,64.53800201416016,34.972618103027344
2018-07-18,45.88739776611328,100.82513427734376,1842.9200439453125,1212.9100341796875,62.42569732666016,101.09873962402344,64.7699966430664,35.31277847290039
2018-07-19,46.24409103393555,100.1345672607422,1812.969970703125,1199.0999755859375,62.50753784179688,99.61212158203124,64.0459976196289,36.59989547729492
2018-07-20,46.13804626464844,101.92815399169922,1813.699951171875,1197.8800048828125,62.22480773925781,100.87212371826172,62.71599960327149,37.445709228515625
2018-07-23,46.17901611328125,103.55870056152344,1802.0,1211.0,61.85774993896485,102.74851989746094,60.63999938964844,37.45490646362305
2018-07-24,46.51401519775391,103.26136779785156,1829.239990234375,1258.1500244140625,61.68413543701172,103.47370910644533,59.48600006103516,37.13312149047852
2018-07-25,46.9526481628418,106.3018569946289,1863.6099853515625,1275.93994140625,62.46786880493164,104.40735626220705,61.74800109863281,37.592803955078125
2018-07-26,46.80563354492188,105.14128112792967,1808.0,1285.5,63.20447540283203,104.10821533203124,61.33000183105469,37.52845001220703
2018-07-27,46.02717590332031,103.2805633544922,1817.27001953125,1252.8900146484375,62.50506591796875,105.17784881591795,59.43600082397461,38.10764694213867
2018-07-30,45.76930618286133,101.06492614746094,1779.219970703125,1230.0400390625,60.54821395874024,105.81240844726562,58.03400039672852,37.77667236328125
2018-07-31,45.86089324951172,101.74594116210938,1777.43994140625,1227.219970703125,60.729270935058594,104.1988754272461,59.62799835205078,37.886993408203125
2018-08-01,48.56256484985352,101.93775939941406,1797.1700439453125,1232.989990234375,61.12857437133789,104.84246826171876,60.167999267578125,38.346675872802734
2018-08-02,49.98208236694336,103.17503356933594,1834.3299560546875,1241.1300048828125,62.157840728759766,105.28663635253906,69.90799713134766,38.19958114624024
2018-08-03,50.126686096191406,103.62584686279295,1823.2900390625,1238.1600341796875,62.52490615844727,106.13873291015624,69.63400268554688,38.32828903198242
2018-08-06,50.3869743347168,103.71216583251952,1847.75,1237.6700439453125,63.00357437133789,106.16592407226562,68.39800262451172,37.75829315185547
2018-08-07,49.91460037231445,104.43153381347656,1862.47998046875,1255.8399658203125,63.727787017822266,106.5557098388672,75.91400146484375,37.91458511352539
2018-08-08,49.94832992553711,105.01661682128906,1886.52001953125,1261.3299560546875,64.09236145019531,106.77325439453124,74.06800079345703,38.585716247558594
2018-08-09,50.3411750793457,105.18924713134766,1898.52001953125,1264.4599609375,63.60625076293945,105.9483413696289,70.48999786376953,38.46620178222656
2018-08-10,50.19123458862305,104.54662322998048,1886.300048828125,1252.510009765625,63.19207000732422,104.90593719482422,71.0979995727539,37.72151565551758
2018-08-13,50.51530456542969,103.78890228271484,1896.199951171875,1248.6400146484375,63.52193069458008,103.23802185058594,71.28199768066406,37.42731857299805
2018-08-14,50.72814178466797,105.083740234375,1919.6500244140625,1258.1400146484375,64.83889770507812,103.92693328857422,69.52799987792969,37.61119079589844
2018-08-15,50.84664535522461,103.65874481201172,1882.6199951171875,1232.219970703125,64.25605773925781,103.06578063964844,67.73799896240234,37.18828201293945
2018-08-16,51.59154891967773,103.63949584960938,1886.52001953125,1224.06005859375,63.84932327270508,104.03571319580078,67.08999633789062,37.15150451660156
2018-08-17,52.62182235717773,103.58172607421876,1882.219970703125,1215.8499755859375,60.7193489074707,104.03571319580078,61.09999847412109,36.89409255981445
2018-08-20,52.10911560058594,102.89811706542967,1876.7099609375,1221.949951171875,61.468353271484375,103.89973449707033,61.6879997253418,36.86650466918945
2018-08-21,52.00753021240234,102.04120635986328,1883.4200439453125,1217.4100341796875,62.82748794555664,104.53426361083984,64.37999725341797,37.592803955078125
2018-08-22,52.009952545166016,103.08103942871094,1904.9000244140625,1221.75,65.18363952636719,104.2169952392578,64.3280029296875,37.60200119018555
2018-08-23,52.11637115478516,103.56246948242188,1902.9000244140625,1221.1600341796875,66.18067932128906,103.99945831298828,64.0199966430664,37.39973449707031
2018-08-24,52.27840805053711,104.37126159667967,1905.3900146484373,1236.75,67.51500701904297,103.95411682128906,64.56400299072266,37.91458511352539
2018-08-27,52.70889663696289,105.52664947509766,1927.6800537109373,1256.27001953125,68.42770385742188,105.79426574707033,63.854000091552734,38.181190490722656
2018-08-28,53.134559631347656,106.16212463378906,1932.8199462890625,1245.8599853515625,68.05072021484375,105.2775650024414,62.37200164794922,38.93507385253906
2018-08-29,53.92781829833984,107.8567123413086,1998.0999755859373,1264.6500244140625,69.10781860351562,104.9331283569336,61.00199890136719,40.5715446472168
2018-08-30,54.423614501953125,107.78929901123048,2002.3800048828125,1254.43994140625,68.9391098022461,104.41641998291016,60.630001068115234,39.955562591552734
2018-08-31,55.05242919921875,108.15518951416016,2012.7099609375,1231.800048828125,69.65129852294922,103.8634796142578,60.33200073242188,40.08428192138672
2018-09-04,55.228981018066406,107.55821990966795,2039.510009765625,1211.31005859375,70.40071868896484,104.3801727294922,57.790000915527344,40.55315780639648
2018-09-05,54.868614196777344,104.45790100097656,1994.8199462890625,1199.0999755859375,69.09046936035156,103.87254333496094,56.14799880981445,40.65428924560547
2018-09-06,53.95684051513672,104.69860076904295,1958.31005859375,1183.989990234375,67.67599487304688,103.42837524414062,56.18999862670898,40.49799346923828
2018-09-07,53.52151870727539,104.18831634521484,1952.0699462890625,1177.5899658203125,67.46259307861328,103.62779235839844,52.64799880981445,41.26107025146485
2018-09-10,52.80321502685547,105.31481170654295,1939.010009765625,1175.06005859375,68.1747817993164,103.0748519897461,57.09999847412109,41.02202987670898
2018-09-11,54.13823699951172,107.105712890625,1987.1500244140625,1189.989990234375,67.69585418701172,103.72750091552734,55.88800048828125,40.95767593383789
2018-09-12,53.46589279174805,107.55821990966795,1990.0,1171.5999755859375,66.55435943603516,102.50377655029295,58.108001708984375,40.39686584472656
2018-09-13,54.75736999511719,108.713623046875,1989.8699951171875,1182.1400146484375,67.33354949951172,102.9026107788086,57.891998291015625,39.92799377441406
2018-09-14,54.13582229614258,109.15653228759766,1970.18994140625,1177.97998046875,68.5966567993164,102.8844757080078,59.040000915527344,40.82896423339844
2018-09-17,52.69438934326172,107.97225189208984,1908.030029296875,1159.8299560546875,67.97625732421875,103.19268798828124,58.96799850463867,40.23137664794922
2018-09-18,52.78144836425781,109.00249481201172,1941.050048828125,1167.1099853515625,67.25414276123047,103.60967254638672,56.992000579833984,40.04750442504883
2018-09-19,52.81288528442383,107.54859924316406,1926.4200439453125,1174.27001953125,67.49237823486328,106.61915588378906,59.80400085449219,40.47041702270508
2018-09-20,53.2143669128418,109.34912109375,1944.300048828125,1191.5699462890625,66.07789611816406,107.53468322753906,59.66600036621094,40.60831451416016
2018-09-21,52.64117813110352,110.0134506225586,1915.010009765625,1172.1199951171875,65.37562561035156,106.82762908935548,59.81999969482422,40.50718307495117
2018-09-24,53.398170471191406,110.40821838378906,1934.3599853515625,1179.56005859375,65.93397521972656,105.80332946777344,59.93600082397461,41.270263671875
2018-09-25,53.73676300048828,110.19640350341795,1974.550048828125,1193.8900146484375,66.60647583007812,105.50418853759766,60.198001861572266,40.60831451416016
2018-09-26,53.308692932128906,109.74386596679688,1974.8499755859373,1194.06005859375,66.2367172241211,104.26232147216795,61.91600036621094,40.70025634765625
2018-09-27,54.40427017211914,110.15789031982422,2012.97998046875,1207.3599853515625,66.35585021972656,103.80907440185548,61.50400161743164,41.15073776245117
2018-09-28,54.595333099365234,110.119384765625,2003.0,1207.0799560546875,69.73564910888672,102.28622436523438,52.95399856567383,40.59912109375
2018-10-01,54.96294021606445,111.31330108642578,2004.3599853515625,1208.530029296875,71.80524444580078,102.8844757080078,62.13999938964844,41.05879974365234
2018-10-02,55.45147705078125,110.87037658691406,1971.31005859375,1207.6400146484375,71.090576171875,103.3105239868164,60.20399856567383,40.102664947509766
2018-10-03,56.126251220703125,110.88963317871094,1952.760009765625,1211.530029296875,71.15261840820312,104.2804718017578,58.959999084472656,40.41524505615234
2018-10-04,55.13949966430664,108.59808349609376,1909.4200439453125,1177.0699462890625,69.30635070800781,105.22066497802734,56.36600112915039,39.00862884521485
2018-10-05,54.24464416503906,107.96261596679688,1889.6500244140625,1167.8299560546875,66.96627807617188,104.62732696533205,52.38999938964844,38.27312850952149
2018-10-08,54.11888885498047,106.7302017211914,1864.4200439453125,1155.9200439453125,65.95133209228516,105.26629638671876,50.11199951171875,37.65715408325195
2018-10-09,54.868614196777344,108.08779907226562,1870.3199462890625,1145.1700439453125,65.89427947998047,104.5360336303711,52.560001373291016,37.60200119018555
2018-10-10,52.32676696777344,102.2145004272461,1755.25,1092.1600341796875,60.968448638916016,101.75193786621094,51.3759994506836,36.17698669433594
2018-10-11,51.86483383178711,101.97379302978516,1719.3599853515625,1090.739990234375,58.34796524047852,98.70310974121094,50.44599914550781,35.8000373840332
2018-10-12,53.717411041259766,105.4977569580078,1788.6099853515625,1120.5400390625,61.17937850952149,97.6259994506836,51.75600051879883,36.46198272705078
2018-10-15,52.56862258911133,103.6009750366211,1760.949951171875,1102.43994140625,58.410003662109375,97.06918334960938,51.917999267578125,35.6253662109375
2018-10-16,53.727081298828125,106.87462615966795,1819.9599609375,1133.0799560546875,61.00319290161133,99.1504135131836,55.31800079345703,36.78375625610352
2018-10-17,53.494911193847656,106.59539031982422,1831.72998046875,1127.5899658203125,60.31581497192383,100.25492095947266,54.35599899291992,36.37923812866211
2018-10-18,52.24454116821289,104.467529296875,1770.719970703125,1097.9100341796875,59.43983459472656,98.66661071777344,52.78200149536133,35.43230056762695
2018-10-19,53.04023742675781,104.6216049194336,1764.030029296875,1105.1800537109375,56.868988037109375,98.5022964477539,52.0,35.34956359863281
2018-10-22,53.36430358886719,105.55554962158205,1789.300048828125,1111.3699951171875,57.37769317626953,97.08744049072266,52.18999862670898,35.597782135009766
2018-10-23,53.86735916137695,104.0823974609375,1768.699951171875,1114.9100341796875,54.8564682006836,96.07421112060548,58.82799911499024,34.93583679199219
2018-10-24,52.01961517333984,98.51721954345705,1664.199951171875,1057.1199951171875,49.48397445678711,94.28508758544922,57.70000076293945,33.53841018676758
2018-10-25,53.15873718261719,104.27497100830078,1782.1700439453125,1103.5899658203125,51.57589721679688,95.7182159423828,62.97200012207031,34.37502670288086
2018-10-26,52.31226348876953,102.98477172851562,1642.81005859375,1083.75,49.20604705810547,94.40375518798828,66.18000030517578,33.71308517456055
2018-10-29,51.330352783203125,99.9903564453125,1538.8800048828125,1034.72998046875,46.06196212768555,95.70907592773438,66.97000122070312,33.4005012512207
2018-10-30,51.586708068847656,99.87482452392578,1530.4200439453125,1049.510009765625,50.37484359741211,97.39779663085938,65.9800033569336,34.73358154296875
2018-10-31,52.931396484375,102.84033966064452,1598.010009765625,1090.5799560546875,52.31787872314453,99.51551818847656,67.46399688720703,35.02777862548828
2018-11-01,53.744022369384766,101.98341369628906,1665.530029296875,1085.97998046875,54.12442398071289,99.47903442382812,68.85600280761719,35.90116882324219
2018-11-02,50.17913818359375,102.2145004272461,1665.530029296875,1071.489990234375,53.33280944824219,98.93132781982422,69.28199768066406,35.6529426574707
2018-11-05,48.754638671875,103.51432037353516,1627.800048828125,1055.72998046875,52.5511360168457,99.57943725585938,68.27999877929688,35.37713623046875
2018-11-06,49.28187942504883,103.71651458740234,1642.81005859375,1069.5699462890625,52.37495422363281,100.04496002197266,68.21199798583984,35.606971740722656
2018-11-07,50.77650833129883,107.79894256591795,1755.489990234375,1108.239990234375,53.05239486694336,101.76107788085938,69.63200378417969,36.02069091796875
2018-11-08,50.59934997558594,107.59674072265624,1754.9100341796875,1094.6300048828125,51.1168212890625,102.58261108398438,70.27999877929688,35.57939529418945
2018-11-09,49.62370681762695,105.4977569580078,1712.4300537109375,1077.02001953125,51.03740310668945,101.587646484375,70.10199737548828,35.00019454956055
2018-11-12,47.123966217041016,102.89811706542967,1636.8499755859375,1049.3599853515625,47.03472518920898,99.45164489746094,66.25599670410156,34.07164001464844
2018-11-13,46.65314102172852,102.96550750732422,1631.1700439453125,1047.969970703125,49.45916748046875,100.03585052490234,67.74600219726562,34.38422393798828
2018-11-14,45.33530426025391,101.5053482055664,1599.010009765625,1054.5799560546875,48.93308639526367,97.97286987304688,68.80000305175781,34.78874206542969
2018-11-15,46.4541244506836,103.7391128540039,1619.43994140625,1071.050048828125,50.223480224609375,100.4739990234375,69.68800354003906,35.41391372680664
2018-11-16,46.968631744384766,104.7157745361328,1593.4100341796875,1068.27001953125,40.80362319946289,100.40097045898438,70.86199951171875,33.8969612121582
2018-11-19,45.10717010498047,101.16690826416016,1512.2900390625,1027.4200439453125,35.907588958740234,101.16773986816406,70.69400024414062,33.1430778503418
2018-11-20,42.95204544067383,98.35295104980467,1495.4599609375,1030.449951171875,36.99448776245117,98.99523162841795,69.49800109863281,32.766143798828125
2018-11-21,42.90350341796875,99.7067413330078,1516.72998046875,1043.4300537109375,35.91007232666016,98.25585174560548,67.63800048828125,33.25340270996094
2018-11-23,41.81380844116211,99.6680679321289,1502.06005859375,1030.0999755859375,35.98202896118164,97.35216522216795,65.16600036621094,33.060333251953125
2018-11-26,42.37928771972656,102.95584869384766,1581.3299560546875,1055.93994140625,37.97965621948242,99.734619140625,69.19999694824219,33.8693733215332
2018-11-27,42.28706741333008,103.60372161865234,1581.4200439453125,1052.280029296875,38.14839553833008,100.15451049804688,68.78399658203125,33.83259963989258
2018-11-28,43.91312026977539,107.4523696899414,1677.75,1091.7900390625,39.7216911315918,101.26814270019533,69.5739974975586,34.945030212402344
2018-11-29,43.57576751708984,106.55307006835938,1673.5699462890625,1094.5799560546875,39.08826446533203,100.46485900878906,68.23400115966797,34.871490478515625
2018-11-30,43.340362548828125,107.22994232177734,1690.1700439453125,1109.6500244140625,40.59605026245117,101.49634552001952,70.09600067138672,34.55890274047852
2018-12-03,44.854774475097656,108.39035034179688,1772.3599853515625,1116.3599853515625,42.237979888916016,102.45481872558594,71.697998046875,35.606971740722656
2018-12-04,42.88166809082031,104.93817138671876,1668.4000244140625,1062.469970703125,39.02616500854492,97.88159942626952,71.94000244140625,34.42099380493164
2018-12-06,42.4035530090332,105.5860824584961,1699.18994140625,1078.0799560546875,39.31927108764648,96.01943969726562,72.61199951171875,33.88776779174805
2018-12-07,40.89157104492188,101.36029815673828,1629.1300048828125,1046.5799560546875,36.66636657714844,94.28508758544922,71.59400177001953,33.57518768310547
2018-12-10,41.16096115112305,104.03888702392578,1641.030029296875,1053.1800537109375,37.72206878662109,92.52336120605467,73.02999877929688,33.492435455322266
2018-12-11,40.9255485534668,105.00586700439452,1643.239990234375,1061.6500244140625,36.8104248046875,91.61965942382812,73.35199737548828,33.740665435791016
2018-12-12,41.03961944580078,105.4796905517578,1663.5400390625,1073.72998046875,36.98679733276367,92.2129898071289,73.31999969482422,34.3658332824707
2018-12-13,41.48859405517578,105.83748626708984,1658.3800048828125,1073.5400390625,36.98431396484375,92.30426788330078,75.35800170898438,34.31986999511719
2018-12-14,40.16105651855469,102.53036499023438,1591.9100341796875,1051.7099609375,36.37821960449219,91.546630859375,73.14199829101562,33.58437728881836
2018-12-17,39.78730392456055,99.49400329589844,1520.9100341796875,1025.6500244140625,35.665306091308594,90.37822723388672,69.68399810791016,33.29937744140625
2018-12-18,40.30425262451172,100.5383529663086,1551.47998046875,1043.4100341796875,36.49993515014648,89.94920349121094,67.40599822998047,33.79581832885742
2018-12-19,39.047096252441406,100.2676010131836,1495.0799560546875,1035.4599609375,34.40591812133789,88.80816650390625,66.59400177001953,33.308563232421875
2018-12-20,38.06175231933594,98.15955352783205,1460.8299560546875,1023.5800170898438,33.558876037597656,88.04139709472656,63.07600021362305,32.98679733276367
2018-12-21,36.58131408691406,94.98782348632812,1377.449951171875,991.25,32.18522644042969,85.96017456054688,63.95399856567383,32.83049392700195
2018-12-24,35.63481140136719,91.02313995361328,1343.9599609375,984.6699829101562,31.56670188903809,84.10714721679688,59.07799911499024,32.44437026977539
2018-12-26,38.14427185058594,97.24091339111328,1470.9000244140625,1047.8499755859375,33.06207656860352,87.59412384033203,65.21800231933594,33.79581832885742
2018-12-27,37.89672088623047,97.84043884277344,1461.6400146484375,1052.9000244140625,32.58266830444336,88.5799560546875,63.22600173950195,33.814208984375
2018-12-28,37.916141510009766,97.0765151977539,1478.02001953125,1046.6800537109375,33.19868850708008,88.3882827758789,66.77400207519531,34.14518737792969
2018-12-31,38.2826042175293,98.2175750732422,1501.969970703125,1044.9599609375,33.161434173583984,89.10939025878906,66.55999755859375,33.93373489379883
2019-01-02,38.3262939453125,97.78243255615234,1539.1300048828125,1054.6800537109375,33.83707427978516,90.65206146240234,62.02399826049805,33.57518768310547
2019-01-03,34.50870895385742,94.18521118164062,1500.280029296875,1025.469970703125,31.792743682861328,89.36373138427734,60.071998596191406,31.58935165405273
2019-01-04,35.98186111450195,98.56568908691406,1575.3900146484375,1078.0699462890625,33.829627990722656,92.65816497802734,63.53799819946289,32.15017318725586
2019-01-07,35.90177154541016,98.69140625,1629.510009765625,1075.9200439453125,35.62058639526367,92.72259521484376,66.99199676513672,32.38920211791992
2019-01-08,36.58617782592773,99.40697479248048,1656.5799560546875,1085.3699951171875,34.73380279541016,92.54773712158205,67.06999969482422,32.12258529663086
2019-01-09,37.20747375488281,100.82846069335938,1659.4200439453125,1081.6500244140625,35.41690826416016,92.39129638671876,67.70600128173828,32.73856735229492
2019-01-10,37.326393127441406,100.18057250976562,1656.219970703125,1078.8299560546875,36.07516860961914,92.38209533691406,68.99400329589844,33.483245849609375
2019-01-11,36.959922790527344,99.40697479248048,1640.56005859375,1064.469970703125,36.96940994262695,91.94037628173828,69.4520034790039,33.657928466796875
2019-01-14,36.40414810180664,98.68173217773438,1617.2099609375,1051.510009765625,37.36933135986328,92.88823699951172,66.87999725341797,32.87645721435547
2019-01-15,37.149227142333984,101.5440444946289,1674.56005859375,1086.510009765625,37.22774505615234,93.5691909790039,68.88600158691406,33.13389205932617
2019-01-16,37.60306167602539,101.90180206298828,1683.780029296875,1089.510009765625,36.97189712524414,94.32379150390624,69.20999908447266,32.766143798828125
2019-01-17,37.82633972167969,102.6173858642578,1693.219970703125,1099.1199951171875,37.687286376953125,94.71028900146484,69.46199798583984,33.363731384277344
2019-01-18,38.059329986572266,104.15491485595705,1696.199951171875,1107.300048828125,38.98145294189453,96.2470703125,60.45199966430664,33.8693733215332
2019-01-22,37.20504379272461,102.1919174194336,1632.1700439453125,1078.6300048828125,36.95450210571289,94.72869873046876,59.78400039672852,33.43727493286133
2019-01-23,37.355506896972656,103.18792724609376,1640.02001953125,1084.4100341796875,37.08367538452149,94.48943328857422,57.51800155639648,33.547603607177734
2019-01-24,37.05942535400391,102.69476318359376,1654.9300537109375,1084.0,39.20749282836914,94.5446319580078,58.30199813842773,34.60486602783203
2019-01-25,38.28746032714844,103.63273620605467,1670.5699462890625,1101.510009765625,39.78129959106445,95.14279174804688,59.40800094604492,35.06454849243164
2019-01-28,37.9331283569336,101.61172485351562,1637.8900146484375,1079.8599853515625,34.281715393066406,95.5937042236328,59.2760009765625,34.42099380493164
2019-01-29,37.53996658325195,99.54235076904295,1593.8800048828125,1070.06005859375,32.68947219848633,95.86058044433594,59.492000579833984,33.4005012512207
2019-01-30,40.10524368286133,102.86882019042967,1670.4300537109375,1097.989990234375,34.12771224975586,96.0814437866211,61.75400161743164,34.3658332824707
2019-01-31,40.3940544128418,100.98316955566406,1718.72998046875,1125.8900146484375,35.70753860473633,95.2440185546875,61.40399932861328,34.58647537231445
2019-02-01,40.4134635925293,99.38763427734376,1626.22998046875,1118.6199951171875,35.950965881347656,95.5937042236328,62.44200134277344,34.54051208496094
2019-02-04,41.56140899658203,102.24993896484376,1633.31005859375,1141.4200439453125,37.05634307861328,95.93419647216795,62.57799911499024,34.88067626953125
2019-02-05,42.27249526977539,103.68108367919922,1658.81005859375,1151.8699951171875,37.24761581420898,95.5108871459961,64.2699966430664,35.16568374633789
2019-02-06,42.28706741333008,102.53036499023438,1640.260009765625,1122.8900146484375,38.0052375793457,95.46487426757812,63.44400024414063,35.616172790527344
2019-02-07,41.48617935180664,101.79544067382812,1614.3699951171875,1105.9100341796875,36.6191635131836,94.21334838867188,61.50199890136719,35.04616165161133
2019-02-08,41.5349235534668,102.18223571777344,1588.219970703125,1102.3800048828125,36.80546951293945,93.27473449707033,61.15999984741211,34.74278259277344
2019-02-11,41.29605484008789,101.77611541748048,1591.0,1102.1199951171875,36.37821960449219,92.8330078125,62.56800079345703,35.20245742797852
2019-02-12,41.65191268920898,103.36197662353516,1638.010009765625,1127.5799560546875,37.55066680908203,94.41580963134766,62.36199951171875,35.52423095703125
2019-02-13,41.47885513305664,103.28462982177734,1640.0,1128.6300048828125,37.97542953491211,94.86672973632812,61.63399887084961,35.05535888671875
2019-02-14,41.629974365234375,103.37166595458984,1622.6500244140625,1129.199951171875,38.38528823852539,94.25018310546876,60.75400161743164,34.99100112915039
2019-02-15,41.53736114501953,104.6480941772461,1607.949951171875,1119.6300048828125,39.083290100097656,97.13050842285156,61.57600021362305,35.01858901977539
2019-02-19,41.66166305541992,104.59971618652344,1627.5799560546875,1126.510009765625,38.9094123840332,96.79000854492188,61.12799835205078,35.35874938964844
2019-02-20,41.92977523803711,104.05590057373048,1622.0999755859375,1120.5899658203125,39.38385772705078,97.25933074951172,60.512001037597656,35.85520935058594
2019-02-21,41.69334411621094,106.25064086914062,1619.43994140625,1104.2099609375,38.69330596923828,97.05687713623048,58.24599838256836,35.836814880371094
2019-02-22,42.15888214111328,107.7656021118164,1631.56005859375,1116.56005859375,39.54284286499024,96.6243667602539,58.94200134277344,36.2137565612793
2019-02-25,42.46598815917969,108.36769104003906,1633.0,1117.3299560546875,39.41863250732422,97.63662719726562,59.75400161743164,36.38843536376953
2019-02-26,42.490360260009766,109.1154556274414,1636.4000244140625,1122.010009765625,39.023685455322266,96.89124298095705,59.571998596191406,36.40681838989258
2019-02-27,42.621978759765625,108.93093872070312,1641.0899658203125,1122.8900146484375,38.6038818359375,96.77159881591795,62.948001861572266,36.2689208984375
2019-02-28,42.20275115966797,108.79499053955078,1639.8299560546875,1126.550048828125,38.35771179199219,96.0354232788086,63.97600173950195,35.90116882324219
2019-03-01,42.6463508605957,109.2805404663086,1671.72998046875,1148.52001953125,38.90226364135742,96.09983825683594,58.95800018310547,36.2137565612793
2019-03-04,42.860836029052734,109.01834869384766,1696.1700439453125,1153.4200439453125,38.98432540893555,95.87899017333984,57.071998596191406,35.99311447143555
2019-03-05,42.7828369140625,108.47451782226562,1692.4300537109375,1169.18994140625,38.919677734375,95.80536651611328,55.30799865722656,35.87358856201172
2019-03-06,42.53667831420898,108.5230712890625,1668.949951171875,1164.93994140625,37.80818176269531,95.44646453857422,55.24800109863281,35.66214370727539
2019-03-07,42.0443229675293,107.2023468017578,1625.949951171875,1150.8499755859375,37.11442947387695,94.7563018798828,55.31800079345703,35.51504135131836
2019-03-08,42.14426040649414,107.31888580322266,1620.800048828125,1149.969970703125,37.45757293701172,94.7931137084961,56.82799911499024,35.11971664428711
2019-03-11,43.6042366027832,109.57188415527344,1670.6199951171875,1179.260009765625,40.06846237182617,96.02621459960938,58.18399810791016,35.52423095703125
2019-03-12,44.09413909912109,110.3390655517578,1673.0999755859375,1197.25,40.41161346435547,95.74095153808594,56.672000885009766,35.76327133178711
2019-03-13,44.28912734985352,111.19365692138672,1690.81005859375,1199.06005859375,41.92841720581055,96.06302642822266,57.79199981689453,36.04826736450195
2019-03-14,44.781471252441406,111.28105926513672,1686.219970703125,1192.530029296875,41.16753387451172,96.93724822998048,57.992000579833984,35.68971633911133
2019-03-15,45.36399841308594,112.5629425048828,1712.3599853515625,1190.300048828125,42.22431945800781,98.0507354736328,55.08599853515625,36.45279312133789
2019-03-18,45.82709884643555,114.17501068115234,1742.1500244140625,1188.550048828125,42.010475158691406,98.63967895507812,53.89799880981445,36.63666534423828
2019-03-19,45.46393966674805,114.25269317626952,1761.8499755859375,1202.4599609375,43.69139099121094,98.28079986572266,53.49399948120117,36.55392074584961
2019-03-20,45.86122131347656,114.12644958496094,1797.27001953125,1226.4300537109375,43.36565017700195,96.18265533447266,54.720001220703125,36.63666534423828
2019-03-21,47.5503044128418,116.7484893798828,1819.260009765625,1236.1300048828125,45.73782730102539,94.66427612304688,54.80400085449219,37.730712890625
2019-03-22,46.56561279296875,113.67002868652344,1764.77001953125,1207.6500244140625,44.13648986816406,91.80236053466795,52.90599822998047,37.169898986816406
2019-03-25,46.00259017944336,114.26241302490234,1774.260009765625,1197.3800048828125,43.21147918701172,91.03856658935548,52.08399963378906,36.70101547241211
2019-03-26,45.52730178833008,114.50519561767578,1783.760009765625,1189.8399658203125,43.97983169555664,91.94959259033205,53.55400085449219,37.14231491088867
2019-03-27,45.93677520751953,113.39810943603516,1765.699951171875,1178.010009765625,43.8878288269043,91.63672637939452,54.96599960327149,36.95844268798828
2019-03-28,45.99771499633789,113.55349731445312,1773.4200439453125,1172.27001953125,44.074317932128906,92.67656707763672,55.7239990234375,37.08715057373047
2019-03-29,46.29750442504883,114.5343246459961,1780.75,1176.8900146484375,44.648712158203125,93.15509796142578,55.97200012207031,37.65715408325195
2019-04-01,46.6119270324707,115.58313751220705,1814.18994140625,1198.97998046875,45.3250617980957,96.29308319091795,57.83599853515625,38.03409576416016
2019-04-02,47.28950881958008,115.7482452392578,1813.97998046875,1205.5400390625,45.504093170166016,96.75321197509766,57.17599868774414,37.94215774536133
2019-04-03,47.613677978515625,116.50572204589844,1820.699951171875,1210.81005859375,46.90154647827149,96.9464340209961,58.36199951171875,38.42023086547852
2019-04-04,47.6965446472168,115.91333770751952,1818.8599853515625,1219.449951171875,46.81202697753906,97.88300323486328,53.555999755859375,38.65007400512695
2019-04-05,48.01583480834961,116.42801666259766,1837.280029296875,1211.449951171875,47.48091506958008,97.65117645263672,54.992000579833984,38.82474899291992
2019-04-08,48.77141952514648,116.46685791015624,1849.8599853515625,1208.280029296875,47.689788818359375,97.9664535522461,54.63999938964844,38.97184371948242
2019-04-09,48.62517166137695,115.83562469482422,1835.8399658203125,1202.68994140625,47.0606803894043,97.24317932128906,54.46200180053711,38.80636596679688
2019-04-10,48.89815521240234,116.7193603515625,1847.3299560546875,1206.449951171875,47.76687240600586,97.67899322509766,55.21200180053711,38.95345687866211
2019-04-11,48.491119384765625,116.8553237915039,1844.0699462890625,1209.5899658203125,47.62760925292969,98.50428009033205,53.68399810791016,38.70523452758789
2019-04-12,48.47161865234375,117.4573974609375,1843.06005859375,1222.72998046875,47.247169494628906,103.12210083007812,53.540000915527344,39.14652633666992
2019-04-15,48.559364318847656,117.55452728271484,1844.8699951171875,1226.530029296875,45.92680740356445,101.94446563720705,53.2760009765625,39.17411422729492
2019-04-16,48.564239501953125,117.2826156616211,1863.0400390625,1231.9100341796875,46.79960250854492,103.02010345458984,54.672000885009766,39.5418586730957
2019-04-17,49.50992965698242,118.25373077392578,1864.8199462890625,1240.1400146484375,46.5708236694336,105.98736572265624,54.24599838256836,40.81058120727539
2019-04-18,49.6878662109375,119.80753326416016,1861.68994140625,1241.469970703125,46.32466125488281,105.2084503173828,54.652000427246094,41.73914337158203
2019-04-22,49.85116958618164,120.186279296875,1887.31005859375,1253.760009765625,46.86423873901367,105.33827209472656,52.54999923706055,41.5093002319336
2019-04-23,50.57018661499024,121.81775665283205,1923.77001953125,1270.5899658203125,47.411277770996094,105.46809387207033,52.77999877929688,41.75752258300781
2019-04-24,50.4921875,121.40017700195312,1901.75,1260.050048828125,47.53561782836914,105.29193115234376,51.73199844360352,41.748329162597656
2019-04-25,50.03396224975586,125.42059326171876,1902.25,1267.3399658203125,46.476341247558594,105.34756469726562,49.5260009765625,40.893310546875
2019-04-26,49.795108795166016,126.13927459716795,1950.6300048828125,1277.4200439453125,44.2831916809082,106.14500427246094,47.02799987792969,40.39686584472656
2019-04-29,49.87066268920898,126.0227279663086,1938.4300537109373,1296.199951171875,44.59152221679688,107.67501831054688,48.29399871826172,40.29573822021485
2019-04-30,48.910343170166016,126.82877349853516,1926.52001953125,1198.9599609375,45.006778717041016,107.61009216308594,47.73799896240234,40.28654098510742
2019-05-01,51.31113815307617,124.18729400634766,1911.52001953125,1173.3199462890625,44.874996185302734,106.78482818603516,46.80199813842773,40.28654098510742
2019-05-02,50.97722244262695,122.56551361083984,1900.8199462890625,1166.510009765625,45.55133819580078,107.0166473388672,48.81999969482422,40.81977462768555
2019-05-03,51.61093521118164,125.17784118652344,1962.4599609375,1189.550048828125,45.5065803527832,107.67501831054688,51.00600051879883,41.10477828979492
2019-05-06,50.81392288208008,124.44949340820312,1950.550048828125,1193.4599609375,44.720829010009766,106.71991729736328,51.06800079345703,40.23137664794922
2019-05-07,49.44411849975586,121.89545440673828,1921.0,1178.8599853515625,43.04487991333008,104.97664642333984,49.4119987487793,40.23137664794922
2019-05-08,49.4538688659668,121.88572692871094,1917.77001953125,1170.780029296875,43.24629592895508,104.42027282714844,48.96799850463867,40.17621994018555
2019-05-09,48.92253494262695,121.87601470947266,1899.8699951171875,1167.969970703125,42.318809509277344,104.3368148803711,48.39599990844727,39.76250076293945
2019-05-10,48.24478912353516,123.45894622802734,1889.97998046875,1167.6400146484375,41.9781494140625,104.32754516601562,47.90399932861328,39.376373291015625
2019-05-13,45.44083023071289,119.7881088256836,1822.6800537109373,1136.5899658203125,39.39958190917969,101.4900894165039,45.402000427246094,37.68473815917969
2019-05-14,46.1601676940918,121.12826538085938,1840.1199951171875,1124.8599853515625,40.292259216308594,102.29682159423828,46.46200180053711,38.585716247558594
2019-05-15,46.713134765625,122.83402252197266,1871.1500244140625,1170.800048828125,39.68056106567383,101.90736389160156,46.38999938964844,38.585716247558594
2019-05-16,46.50760269165039,125.6704330444336,1907.5699462890625,1184.5,39.83224868774414,103.2148208618164,45.66600036621094,38.181190490722656
2019-05-17,46.24335861206055,124.83219909667967,1869.0,1168.780029296875,38.92216491699219,102.7140884399414,42.20600128173828,37.00440979003906
2019-05-20,44.79733276367188,123.02896881103516,1858.969970703125,1144.6600341796875,37.73359298706055,103.2519073486328,41.071998596191406,35.54261779785156
2019-05-21,45.6561393737793,123.69176483154295,1857.52001953125,1154.43994140625,38.556636810302734,103.60427856445312,41.01599884033203,36.13101577758789
2019-05-22,44.72148895263672,124.44229125976562,1859.6800537109373,1155.8499755859375,37.84547805786133,102.76044464111328,38.54600143432617,35.76327133178711
2019-05-23,43.958106994628906,122.9899673461914,1815.47998046875,1145.3399658203125,36.63204574584961,100.73899841308594,39.09799957275391,35.00019454956055
2019-05-24,43.789283752441406,123.0484619140625,1823.280029296875,1138.6099853515625,36.09245681762695,101.73119354248048,38.1259994506836,35.11971664428711
2019-05-28,43.60821914672852,122.9704818725586,1836.4300537109373,1139.56005859375,35.63990783691406,100.62771606445312,37.7400016784668,34.61406326293945
2019-05-29,43.40024566650391,121.78132629394533,1819.18994140625,1119.93994140625,34.89641571044922,100.34954071044922,37.97200012207031,34.65083694458008
2019-05-30,43.62535095214844,122.55135345458984,1816.3199462890625,1121.4100341796875,34.63005447387695,99.27391052246094,37.64400100708008,34.972618103027344
2019-05-31,42.83504867553711,120.55316162109376,1775.0699462890625,1106.5,33.72142028808594,98.25390625,37.03200149536133,35.25761413574219
2019-06-03,42.40196990966797,116.8102569580078,1692.68994140625,1038.739990234375,33.30320739746094,98.717529296875,35.79399871826172,35.68971633911133
2019-06-04,43.95320892333984,120.04632568359376,1729.56005859375,1054.489990234375,35.59843444824219,101.75899505615234,38.720001220703125,35.910369873046875
2019-06-05,44.66275787353516,122.64881896972656,1738.5,1044.6400146484375,35.17025375366211,102.12064361572266,39.31800079345703,35.14728546142578
2019-06-06,45.3184928894043,124.58850860595705,1754.3599853515625,1047.760009765625,35.792598724365234,102.34318542480467,41.18999862670898,35.340362548828125
2019-06-07,46.52472686767578,128.0780029296875,1804.030029296875,1068.3699951171875,36.22078323364258,101.22119903564452,40.900001525878906,35.68971633911133
2019-06-10,47.119285583496094,129.24766540527344,1860.6300048828125,1082.760009765625,36.95017623901367,102.31535339355467,42.57600021362305,36.425201416015625
2019-06-11,47.66490936279297,128.76031494140625,1863.699951171875,1081.0400390625,37.527713775634766,102.63063049316406,43.41999816894531,36.73779296875
2019-06-12,47.51321792602539,128.1657257080078,1855.3199462890625,1079.0999755859375,36.39503479003906,101.32317352294922,41.85200119018555,36.27811813354492
2019-06-13,47.50341796875,128.97476196289062,1870.300048828125,1091.010009765625,36.90785217285156,101.57354736328124,42.78200149536133,36.2689208984375
2019-06-14,47.15843963623047,129.1014404296875,1869.6700439453125,1086.300048828125,36.00668716430664,101.83318328857422,42.98400115966797,34.78874206542969
2019-06-17,47.43981170654297,129.49136352539062,1886.030029296875,1093.8900146484375,36.10377502441406,101.2768096923828,45.00600051879883,34.62325668334961
2019-06-18,48.55552291870117,131.74295043945312,1901.3699951171875,1105.239990234375,38.05796051025391,102.65846252441406,44.948001861572266,36.04826736450195
2019-06-19,48.41361618041992,132.2595672607422,1908.7900390625,1104.510009765625,38.11770248413086,101.9166259765625,45.2859992980957,36.22295379638672
2019-06-20,48.80264663696289,133.48768615722656,1918.18994140625,1113.199951171875,38.361663818359375,102.17627716064452,43.92399978637695,37.24344253540039
2019-06-21,48.636268615722656,133.50717163085938,1911.300048828125,1125.3699951171875,37.77914047241211,101.48081970214844,44.37200164794922,37.25263977050781
2019-06-24,48.58732986450195,134.2967071533203,1913.9000244140625,1116.699951171875,38.00318908691406,100.75755310058594,44.72800064086914,37.9512825012207
2019-06-25,47.850868225097656,130.0566864013672,1878.27001953125,1087.5799560546875,37.70944595336914,99.92300415039062,43.95199966430664,36.94507598876953
2019-06-26,48.88583755493164,130.5440216064453,1897.8299560546875,1080.3199462890625,39.64619827270508,100.59063720703124,43.854000091552734,37.09696578979492
2019-06-27,48.87115478515625,130.75845336914062,1904.280029296875,1076.6300048828125,40.63448333740234,100.92444610595705,44.56800079345703,37.58108139038086
2019-06-28,48.42584991455078,130.57327270507812,1893.6300048828125,1082.800048828125,40.88343048095703,103.66917419433594,44.69200134277344,37.18239212036133
2019-07-01,49.31401824951172,132.24977111816406,1922.18994140625,1100.0,41.36637496948242,105.41246032714844,45.43399810791016,39.28025436401367
2019-07-02,49.602725982666016,133.12704467773438,1934.31005859375,1112.5999755859375,40.38554382324219,105.52373504638672,44.90999984741211,38.729679107666016
2019-07-03,50.01377868652344,133.98477172851562,1939.0,1122.989990234375,40.51499557495117,105.35564422607422,46.97999954223633,38.28353118896485
2019-07-05,49.96973419189453,133.5948944091797,1942.9100341796875,1132.6700439453125,39.88766860961914,105.98130798339844,46.619998931884766,37.90382766723633
2019-07-08,48.93967056274414,133.49745178222656,1952.3199462890625,1116.7900390625,39.1358757019043,105.40233612060548,46.06800079345703,37.32478713989258
2019-07-09,49.2381706237793,133.01007080078125,1988.300048828125,1124.2900390625,39.1607666015625,105.85057830810548,46.012001037597656,37.657020568847656
2019-07-10,49.725059509277344,134.3649444580078,2017.4100341796875,1140.9100341796875,39.84534454345703,105.54240417480467,47.78400039672852,38.64424514770508
2019-07-11,49.362937927246094,134.90103149414062,2001.0699462890625,1144.0799560546875,41.39375305175781,106.55095672607422,47.720001220703125,38.824615478515625
2019-07-12,49.74219512939453,135.3883819580078,2011.0,1145.3399658203125,41.72484588623047,107.67156219482422,49.01599884033203,39.13785552978516
2019-07-15,50.20951843261719,135.3883819580078,2020.989990234375,1150.510009765625,41.64020538330078,106.36419677734376,50.70000076293945,39.69792938232422
2019-07-16,50.03580093383789,133.61439514160156,2009.9000244140625,1153.4599609375,41.5929069519043,107.50347137451172,50.47600173950195,39.65046310424805
2019-07-17,49.754425048828125,132.82485961914062,1992.030029296875,1146.739990234375,42.24761962890625,106.44823455810548,50.97200012207031,39.5175666809082
2019-07-18,50.31962966918945,132.97108459472656,1977.9000244140625,1147.239990234375,42.36461639404297,107.08323669433594,50.70800018310547,40.99839782714844
2019-07-19,49.56847381591797,133.166015625,1964.52001953125,1131.550048828125,41.93146514892578,106.02799987792967,51.63600158691406,41.605934143066406
2019-07-22,50.70131301879883,134.9302520751953,1985.6300048828125,1139.2099609375,42.64840698242188,106.70970916748048,51.13600158691406,42.336856842041016
2019-07-23,51.097686767578125,135.76853942871094,1994.489990234375,1148.050048828125,43.72881317138672,108.66143035888672,52.03400039672852,42.16598892211914
2019-07-24,51.05607986450195,137.16236877441406,2000.81005859375,1139.72998046875,44.47563552856445,109.10032653808594,52.97600173950195,42.2799072265625
2019-07-25,50.65237808227539,136.6457977294922,1973.8199462890625,1135.93994140625,43.161231994628906,108.05443572998048,45.76399993896485,41.40658187866211
2019-07-26,50.82854843139648,137.76669311523438,1943.050048828125,1245.219970703125,43.58193588256836,108.53070068359376,45.608001708984375,41.25469970703125
2019-07-29,51.3032112121582,137.46453857421875,1912.449951171875,1241.8399658203125,43.51971054077149,108.18517303466795,47.15399932861328,41.71034622192383
2019-07-30,51.0830078125,136.8017578125,1898.530029296875,1228.0,43.67653274536133,107.94236755371094,48.45199966430664,40.92246627807617
2019-07-31,52.12531280517578,132.82485961914062,1866.780029296875,1218.199951171875,42.001163482666016,108.32524871826172,48.321998596191406,40.46682357788086
2019-08-01,50.99736022949219,134.5696563720703,1855.3199462890625,1211.780029296875,41.05519104003906,105.46771240234376,46.77000045776367,39.745384216308594
2019-08-02,49.91835403442383,133.43894958496094,1823.239990234375,1196.3199462890625,40.126651763916016,105.45835876464844,46.86800003051758,39.53654861450195
2019-08-05,47.30524444580078,128.86752319335938,1765.1300048828125,1154.75,37.53767013549805,102.32067108154295,45.66400146484375,37.84687423706055
2019-08-06,48.20074462890625,131.28485107421875,1787.8299560546875,1171.0799560546875,37.926025390625,103.12377166748048,46.150001525878906,39.16633987426758
2019-08-07,48.69988632202149,131.8599090576172,1793.4000244140625,1175.9100341796875,38.30939102172852,100.88255310058594,46.68399810791016,39.16633987426758
2019-08-08,49.77399444580078,135.378662109375,1832.8900146484373,1206.18994140625,39.39725875854492,102.59149169921876,47.65999984741211,39.773868560791016
2019-08-09,49.36384201049805,134.2284698486328,1807.5799560546875,1188.9000244140625,38.38158416748047,102.47941589355467,47.00199890136719,39.30873107910156
2019-08-12,49.23857879638672,132.35699462890625,1784.9200439453125,1174.5,37.70197677612305,100.5557098388672,45.80199813842773,38.88156127929688
2019-08-13,51.3237533569336,135.0959930419922,1824.3399658203125,1196.72998046875,38.84709548950195,102.10586547851562,47.0,39.71691131591797
2019-08-14,49.79610443115234,131.02764892578125,1762.9599609375,1164.25,37.35844421386719,97.86627197265624,43.92399978637695,38.378456115722656
2019-08-15,49.548038482666016,130.73423767089844,1776.1199951171875,1169.3199462890625,37.034812927246094,98.2397918701172,43.12799835205078,38.7866439819336
2019-08-16,50.71711730957031,133.1302490234375,1792.5699462890625,1179.2099609375,39.72087860107422,100.5930633544922,43.98799896240234,39.43213653564453
2019-08-19,51.66268539428711,135.36004638671875,1816.1199951171875,1200.43994140625,42.51398086547852,101.49889373779295,45.36600112915039,39.65995407104492
2019-08-20,51.66514205932617,134.2353515625,1801.3800048828125,1183.530029296875,41.78956985473633,100.210205078125,45.172000885009766,39.81182861328125
2019-08-21,52.2251205444336,135.7316436767578,1823.5400390625,1191.5799560546875,42.626007080078125,100.49034881591795,44.16600036621094,40.41936492919922
2019-08-22,52.180912017822266,134.74391174316406,1804.6600341796875,1191.52001953125,42.688236236572266,101.52690887451172,44.43000030517578,39.99219512939453
2019-08-23,49.76908874511719,130.45065307617188,1749.6199951171875,1153.5799560546875,40.43782043457031,99.00553894042967,42.27999877929688,38.8720703125
2019-08-26,50.71466064453125,132.46527099609375,1768.8699951171875,1171.1800537109375,41.1871337890625,99.79930877685548,43.0,39.242286682128906
2019-08-27,50.14240646362305,132.74887084960938,1761.8299560546875,1170.8199462890625,40.27849960327149,98.74406433105467,42.81600189208984,39.25177001953125
2019-08-28,50.4788818359375,132.5727996826172,1764.25,1173.75,40.17384719848633,99.73394012451172,43.11800003051758,39.53654861450195
2019-08-29,51.33358383178711,135.07640075683594,1786.4000244140625,1194.239990234375,41.614139556884766,101.99382019042967,44.34199905395508,40.13458251953125
2019-08-30,51.26726913452149,134.82211303710938,1776.2900390625,1190.530029296875,41.74122619628906,102.59149169921876,45.12200164794922,40.46682357788086
2019-09-03,50.5206298828125,133.042236328125,1789.8399658203125,1169.550048828125,40.9089469909668,101.3774871826172,45.00199890136719,39.60300064086914
2019-09-04,51.3777961730957,134.59722900390625,1800.6199951171875,1182.27001953125,42.052711486816406,102.60082244873048,44.13600158691406,40.9604377746582
2019-09-05,52.38230895996094,136.96389770507812,1840.719970703125,1212.18994140625,44.78878021240234,104.93541717529295,45.91600036621094,41.9951286315918
2019-09-06,52.37739181518555,136.0348358154297,1833.510009765625,1206.3199462890625,44.51716613769531,105.15953063964844,45.4900016784668,41.49201583862305
2019-09-09,52.60089492797852,134.48963928222656,1831.3499755859373,1205.27001953125,44.97816467285156,107.76494598388672,46.358001708984375,41.62491607666016
2019-09-10,53.22227096557617,133.0813751220703,1820.550048828125,1205.699951171875,45.64598083496094,109.13768768310548,47.108001708984375,41.86222839355469
2019-09-11,54.91447830200195,133.1204833984375,1822.989990234375,1220.0,45.93254852294922,109.4365234375,49.41999816894531,41.97614669799805
2019-09-12,54.79167938232422,134.48963928222656,1843.550048828125,1234.969970703125,45.91759490966797,110.10887145996094,49.17399978637695,41.8337516784668
2019-09-13,53.72575759887695,134.29405212402344,1839.3399658203125,1240.030029296875,45.33699035644531,112.27538299560548,49.040000915527344,42.46975326538086
2019-09-16,54.00819778442383,133.3258819580078,1807.8399658203125,1231.6300048828125,44.90589904785156,111.27618408203124,48.5620002746582,42.336856842041016
2019-09-17,54.20468521118164,134.3625030517578,1822.550048828125,1229.8800048828125,45.12020492553711,110.72521209716795,48.95800018310547,42.8399658203125
2019-09-18,54.71308898925781,135.46759033203125,1817.4599609375,1232.6500244140625,44.84858322143555,111.83647918701172,48.698001861572266,42.75453567504883
2019-09-19,54.26853942871094,137.96141052246094,1821.5,1238.75,44.09105682373047,111.48161315917967,49.31999969482422,42.92854309082031
2019-09-20,53.47524642944336,136.36734008789062,1794.1600341796875,1229.8399658203125,43.03200912475586,111.03338623046876,48.124000549316406,41.94375991821289
2019-09-23,53.71839141845703,136.07394409179688,1785.300048828125,1234.68994140625,43.56776809692383,111.01470184326172,48.24599838256836,42.13498306274414
2019-09-24,53.46295928955078,134.3527374267578,1741.6099853515625,1218.3299560546875,42.99214553833008,109.56725311279295,44.641998291015625,42.18278503417969
2019-09-25,54.28573226928711,136.28909301757812,1768.3299560546875,1245.93994140625,44.412506103515625,110.19292449951172,45.7400016784668,43.0337142944336
2019-09-26,54.00574493408203,136.46510314941406,1739.8399658203125,1242.2900390625,44.19072723388672,109.28709411621094,48.512001037597656,44.420047760009766
2019-09-27,53.742950439453125,134.69500732421875,1725.449951171875,1225.949951171875,42.800270080566406,109.93144989013672,48.42599868774414,43.511756896972656
2019-09-30,55.00780487060547,135.96636962890625,1735.9100341796875,1221.1400146484375,43.37589645385742,109.9034423828125,48.17399978637695,44.43916702270508
2019-10-01,55.16008377075195,134.04953002929688,1735.6500244140625,1206.0,43.35845184326172,107.90502166748048,48.9379997253418,45.11799240112305
2019-10-02,53.777339935302734,131.68289184570312,1713.22998046875,1177.9200439453125,43.119232177734375,105.75718688964844,48.6259994506836,44.39136505126953
2019-10-03,54.234161376953125,133.2769775390625,1724.4200439453125,1189.4300537109375,45.18000030517578,105.60657501220705,46.60599899291992,45.06062316894531
2019-10-04,55.75444412231445,135.07640075683594,1739.6500244140625,1210.9599609375,45.34446716308594,107.89398193359376,46.2859992980957,45.337890625
2019-10-07,55.766719818115234,134.09844970703125,1732.6600341796875,1208.25,45.93254852294922,107.65867614746094,47.54399871826172,45.84461975097656
2019-10-08,55.11342239379883,132.68040466308594,1705.510009765625,1190.1300048828125,44.16332244873047,105.25829315185548,48.0099983215332,45.75857162475586
2019-10-09,55.75935745239258,135.1937713623047,1721.989990234375,1202.4000244140625,45.030494689941406,106.02075958251952,48.90599822998047,46.54257583618164
2019-10-10,56.51090240478516,136.0348358154297,1720.260009765625,1209.469970703125,45.60860061645508,107.50804138183594,48.948001861572266,46.78158950805664
2019-10-11,58.01399993896485,136.60202026367188,1731.9200439453125,1215.7099609375,46.34619903564453,109.32479095458984,49.57799911499024,47.25007629394531
2019-10-14,57.93049240112305,136.47488403320312,1736.4300537109375,1217.77001953125,46.48075485229492,109.6166000366211,51.391998291015625,47.71856689453125
2019-10-15,57.795406341552734,138.4503631591797,1767.3800048828125,1242.239990234375,48.93274688720703,112.92063903808594,51.57799911499024,48.17748260498047
2019-10-16,57.56208419799805,137.31593322753906,1777.4300537109375,1243.0,48.394508361816406,112.65706634521484,51.95000076293945,47.92890167236328
2019-10-17,57.78557968139648,136.61184692382812,1787.47998046875,1252.800048828125,48.41444778442383,113.28775024414062,52.39400100708008,47.56558609008789
2019-10-18,58.06311798095703,134.38204956054688,1757.510009765625,1244.4100341796875,47.46753692626953,113.48542022705078,51.38999938964844,47.11622619628906
2019-10-21,59.07008743286133,135.37954711914062,1785.6600341796875,1244.280029296875,48.84303665161133,116.29996490478516,50.70000076293945,47.80461502075195
2019-10-22,58.93500900268555,133.36497497558594,1765.72998046875,1241.199951171875,48.74337005615234,117.46720886230467,51.11600112915039,48.41650772094727
2019-10-23,59.7258415222168,134.21578979492188,1762.1700439453125,1257.6300048828125,48.6137924194336,117.77783966064452,50.93600082397461,47.96714401245117
2019-10-24,59.8240966796875,136.8563232421875,1780.780029296875,1259.1099853515625,49.05485534667969,117.69310760498048,59.93600082397461,48.71289443969727
2019-10-25,60.56090545654297,137.62889099121094,1761.3299560546875,1264.300048828125,50.96860122680664,118.63442993164062,65.6259994506836,48.88500213623047
2019-10-28,61.16754913330078,141.0126495361328,1777.0799560546875,1288.97998046875,51.529273986816406,119.0862808227539,65.54199981689453,49.057090759277344
2019-10-29,59.75286865234375,139.6826171875,1762.7099609375,1260.6600341796875,50.56492614746094,119.0109634399414,63.24399948120117,49.2100715637207
2019-10-30,59.74550247192383,141.42340087890625,1779.989990234375,1260.699951171875,50.58485794067383,118.35205078125,63.00199890136719,49.6307487487793
2019-10-31,61.09632110595703,140.21072387695312,1776.6600341796875,1258.800048828125,50.09146499633789,117.5895767211914,62.98400115966797,49.363037109375
2019-11-01,62.83028411865234,140.5530242919922,1791.43994140625,1272.25,50.48269271850586,120.30056762695312,62.6619987487793,49.812408447265625
2019-11-04,63.24288940429688,141.36471557617188,1804.6600341796875,1289.6099853515625,52.453758239746094,121.2607192993164,63.49399948120117,51.141380310058594
2019-11-05,63.15202713012695,141.27670288085938,1801.7099609375,1291.43994140625,52.23197937011719,121.5242919921875,63.44400024414063,51.19873809814453
2019-11-06,63.17902755737305,140.88551330566406,1795.77001953125,1291.010009765625,51.73859024047852,121.71255493164062,65.31600189208984,51.2847900390625
2019-11-07,63.908203125,141.08108520507812,1788.199951171875,1306.93994140625,51.91551208496094,122.37147521972656,67.10800170898438,51.313472747802734
2019-11-08,64.08312225341797,142.74366760253906,1785.8800048828125,1309.0,51.775970458984375,122.72917175292967,67.4280014038086,50.51036071777344
2019-11-11,64.59056854248047,142.89035034179688,1771.6500244140625,1298.280029296875,51.87564468383789,122.2961654663086,69.01799774169922,50.29044723510742
2019-11-12,64.53144836425781,143.82919311523438,1778.0,1297.2099609375,52.23197937011719,121.5807647705078,69.98600006103516,49.86021041870117
2019-11-13,65.14976501464844,144.06390380859375,1753.1099853515625,1296.1800537109375,51.97283172607422,120.94065856933594,69.22200012207031,50.55815505981445
2019-11-14,64.69895935058594,144.79734802246094,1754.5999755859375,1309.1500244140625,52.27682876586914,121.05363464355467,69.87000274658203,50.17572021484375
2019-11-15,65.46753692626953,146.665283203125,1739.489990234375,1333.5400390625,50.88139343261719,121.92904663085938,70.43399810791016,50.95015335083008
2019-11-18,65.79763793945312,147.0271453857422,1752.530029296875,1319.8399658203125,52.89730453491211,122.9551010131836,69.99800109863281,51.074440002441406
2019-11-19,65.59810638427734,147.07603454589844,1752.7900390625,1312.5899658203125,51.82830047607422,122.9174346923828,71.90399932861328,51.399513244628906
2019-11-20,64.83444213867188,146.82089233398438,1745.530029296875,1301.8599853515625,52.62320709228516,122.023193359375,70.44400024414062,51.15093231201172
2019-11-21,64.54376220703125,146.68353271484375,1734.7099609375,1300.1400146484375,52.374019622802734,122.30555725097656,70.96600341796875,50.65375900268555
2019-11-22,64.48710632324219,146.7914581298828,1745.719970703125,1293.6700439453125,52.55093765258789,123.1151123046875,66.60800170898438,50.47211456298828
2019-11-25,65.61781311035156,148.40077209472656,1773.8399658203125,1305.6400146484375,55.12254333496094,123.7740478515625,67.26799774169922,51.399513244628906
2019-11-26,65.10542297363281,149.18582153320312,1796.93994140625,1313.0,54.07347106933594,123.9434814453125,65.78399658203125,51.27522659301758
2019-11-27,65.97992706298828,149.4703826904297,1818.510009765625,1312.1300048828125,54.42259216308594,124.31058502197266,66.25800323486328,51.52381134033203
2019-11-29,65.8345947265625,148.54798889160156,1800.800048828125,1304.0899658203125,54.048526763916016,124.0281982421875,65.98799896240234,50.75893783569336
2019-12-02,65.0733871459961,146.75221252441406,1781.5999755859375,1288.8599853515625,52.18074798583984,123.75521087646484,66.9739990234375,50.65375900268555
2019-12-03,63.91313171386719,146.51670837402344,1769.9599609375,1294.739990234375,51.78425598144531,122.16439819335938,67.23999786376953,50.46255111694336
2019-12-04,64.47724914550781,147.04660034179688,1760.68994140625,1318.93994140625,52.22313690185547,124.57415008544922,66.60600280761719,50.8449821472168
2019-12-05,65.4231948852539,147.12509155273438,1740.47998046875,1326.9599609375,52.05356979370117,125.25189208984376,66.0739974975586,52.011417388916016
2019-12-06,66.68693542480469,148.91102600097656,1751.5999755859375,1339.3900146484375,52.90890884399414,127.1156997680664,67.1780014038086,52.5277099609375
2019-12-09,65.75330352783203,148.52833557128906,1749.510009765625,1342.989990234375,52.90890884399414,126.52267456054688,67.90599822998047,52.06877899169922
2019-12-10,66.1375961303711,148.3026580810547,1739.2099609375,1342.8900146484375,53.36026763916016,126.6073989868164,69.76799774169922,52.12614440917969
2019-12-11,66.70170593261719,148.8619842529297,1748.719970703125,1344.25,54.198150634765625,126.3061752319336,70.54000091552734,53.445556640625
2019-12-12,66.8716812133789,150.37319946289062,1760.3299560546875,1348.489990234375,55.87641525268555,129.92086791992188,71.93599700927734,56.03656768798828
2019-12-13,67.78067779541016,151.6390380859375,1760.93994140625,1346.8699951171875,55.8564682006836,128.7818603515625,71.6780014038086,55.6923713684082
2019-12-16,68.94094848632812,152.62033081054688,1769.2099609375,1360.699951171875,56.14573287963867,129.28074645996094,76.30000305175781,55.96964263916016
2019-12-17,69.07642364501953,151.79605102539062,1790.6600341796875,1354.8900146484375,56.92875289916992,130.07144165039062,75.7979965209961,56.62934112548828
2019-12-18,68.91138458251953,151.48202514648438,1784.030029296875,1351.9100341796875,57.23299789428711,129.9396514892578,78.62999725341797,56.50504684448242
2019-12-19,68.98035430908203,152.7969970703125,1792.280029296875,1356.43994140625,58.71674728393555,129.2901611328125,80.80799865722656,55.80222702026367
2019-12-20,68.83749389648438,154.46517944335938,1786.5,1351.219970703125,59.69178009033203,129.18663024902344,81.11799621582031,55.77334213256836
2019-12-23,69.96080017089844,154.46517944335938,1793.0,1350.6300048828125,59.55462646484375,129.1489715576172,83.84400177001953,56.052547454833984
2019-12-24,70.02730560302734,154.43569946289062,1789.2099609375,1344.4300537109375,59.5047492980957,129.50668334960938,85.05000305175781,55.60966873168945
2019-12-26,71.41667938232422,155.70159912109375,1868.77001953125,1362.469970703125,59.64689636230469,130.8809814453125,86.18800354003906,56.08142852783203
2019-12-27,71.38956451416016,155.98617553710938,1869.800048828125,1354.6400146484375,59.068355560302734,130.97511291503906,86.07599639892578,56.28361129760742
2019-12-30,71.81329345703125,154.64178466796875,1846.8900146484373,1339.7099609375,57.93372344970703,130.4950714111328,82.94000244140625,55.696319580078125
2019-12-31,72.3379898071289,154.74972534179688,1847.8399658203125,1339.3900146484375,58.67684555053711,131.2198486328125,83.66600036621094,55.93701553344727
2020-01-02,73.98847198486328,157.6151123046875,1898.010009765625,1368.6800537109375,59.826446533203125,132.81069946289062,86.052001953125,57.8047981262207
2020-01-03,73.26915740966797,155.65252685546875,1874.969970703125,1361.52001953125,58.86886215209961,131.05809020996094,88.60199737548828,55.89850616455078
2020-01-06,73.85297393798828,156.05487060546875,1902.8800048828125,1397.81005859375,59.11573791503906,130.95387268066406,90.30799865722656,55.253448486328125
2020-01-07,73.50565338134766,154.63198852539062,1906.8599853515625,1395.1099853515625,59.831424713134766,128.7275848388672,93.81199645996094,56.14882659912109
2020-01-08,74.6880874633789,157.09503173828125,1891.969970703125,1405.0400390625,59.94364547729492,129.73178100585938,98.4280014038086,56.56281280517578
2020-01-09,76.27452850341797,159.0576171875,1901.050048828125,1419.7900390625,60.60198593139648,130.2054443359375,96.26799774169922,57.02494812011719
2020-01-10,76.44695281982422,158.32164001464844,1883.1600341796875,1428.9599609375,60.92617416381836,128.90756225585938,95.62999725341795,56.668724060058594
2020-01-13,78.08019256591797,160.22537231445312,1891.300048828125,1440.030029296875,62.83634185791016,129.9780731201172,104.97200012207033,57.82405090332031
2020-01-14,77.02584838867188,159.0968780517578,1869.43994140625,1430.5899658203125,61.66430282592773,131.49386596679688,107.58399963378906,58.074363708496094
2020-01-15,76.69576263427734,160.12721252441406,1862.02001953125,1439.199951171875,61.23787689208984,129.52337646484375,103.6999969482422,56.21622085571289
2020-01-16,77.65647888183594,163.061279296875,1877.93994140625,1450.1600341796875,62.07575988769531,130.02545166015625,102.697998046875,56.56281280517578
2020-01-17,78.51622009277344,163.97390747070312,1864.719970703125,1479.52001953125,62.163047790527344,130.92544555664062,102.0999984741211,56.399147033691406
2020-01-21,77.98411560058594,163.38511657714844,1892.0,1482.25,61.82889175415039,129.6370391845703,109.44000244140624,56.071807861328125
2020-01-22,78.26248931884766,162.60006713867188,1887.4599609375,1483.8699951171875,62.37002182006836,129.4854736328125,113.91200256347656,56.17770767211914
2020-01-23,78.63938903808594,163.6009979248047,1884.5799560546875,1484.68994140625,63.0557861328125,129.35281372070312,114.44000244140624,55.34009552001953
2020-01-24,78.4127426147461,161.95242309570312,1861.6400146484373,1466.1700439453125,62.462284088134766,126.14126586914062,112.96399688720705,55.58079147338867
2020-01-27,76.10700225830078,159.24404907226562,1828.3399658203125,1431.72998046875,59.89875030517578,125.08023071289062,111.60399627685548,53.20274353027344
2020-01-28,78.26002502441406,162.36460876464844,1853.25,1450.5,61.83636474609375,127.3539047241211,113.37999725341795,54.96461486816406
2020-01-29,79.89818572998047,164.8962860107422,1858.0,1456.699951171875,61.23039627075195,127.16442108154295,116.197998046875,55.06089782714844
2020-01-30,79.78240203857422,169.547607421875,1870.6800537109373,1454.25,61.297733306884766,128.7370147705078,128.16200256347656,53.72264099121094
2020-01-31,76.24495697021484,167.04531860351562,2008.719970703125,1432.780029296875,58.95863342285156,125.3928680419922,130.11399841308594,51.931884765625
2020-02-03,76.03556060791016,171.11770629882812,2004.199951171875,1482.5999755859375,59.93117904663086,126.34968566894533,156.0,52.730987548828125
2020-02-04,78.5457763671875,176.7502899169922,2049.669921875,1445.4100341796875,61.62689208984375,128.16864013671875,177.41200256347656,55.37860107421875
2020-02-05,79.18627166748047,176.53440856933594,2039.8699951171875,1446.050048828125,62.532108306884766,130.34754943847656,146.94000244140625,55.76371765136719
2020-02-06,80.11250305175781,180.19464111328125,2050.22998046875,1475.969970703125,63.40241241455078,130.36651611328125,149.79200744628906,55.85999298095703
2020-02-07,79.02355194091797,180.4497985839844,2079.280029296875,1479.1099853515625,62.73908615112305,129.94967651367188,149.61399841308594,54.10774612426758
2020-02-10,79.39888763427734,185.16978454589844,2133.909912109375,1508.6600341796875,65.57691955566406,130.48968505859375,154.25599670410156,54.897220611572266
2020-02-11,78.91984558105469,180.98948669433597,2150.800048828125,1510.06005859375,66.80381774902344,130.73597717285156,154.87600708007812,56.476165771484375
2020-02-12,80.79402160644531,181.25442504882807,2160.0,1518.6300048828125,67.96339416503906,130.73597717285156,153.45799255371094,57.41006088256836
2020-02-13,80.21868896484375,180.27313232421875,2149.8701171875,1513.3900146484375,67.52450561523438,130.622314453125,160.8000030517578,57.1212272644043
2020-02-14,80.23844146728516,181.8824615478516,2134.8701171875,1518.72998046875,72.2650375366211,130.2244110107422,160.00599670410156,56.023658752441406
2020-02-18,78.76922607421875,183.727294921875,2155.669921875,1519.43994140625,73.95576477050781,128.50021362304688,171.67999267578125,54.08849334716797
2020-02-19,79.9100112915039,184.2783050537109,2170.219970703125,1524.8699951171875,78.47685241699219,130.25286865234375,183.48399353027344,55.49414443969727
2020-02-20,79.09022521972656,181.46414184570312,2153.10009765625,1516.989990234375,76.98062896728516,130.25286865234375,179.8820037841797,54.37732696533203
2020-02-21,77.3000259399414,175.72760009765625,2095.969970703125,1483.4599609375,73.33233642578125,128.66123962402344,180.1999969482422,53.52045822143555
2020-02-24,73.62824249267578,168.15103149414062,2009.2900390625,1419.8599853515625,68.14793395996094,125.20338439941406,166.75799560546875,52.10518264770508
2020-02-25,71.1343002319336,165.376220703125,1972.739990234375,1386.3199462890625,65.3475112915039,119.61395263671876,159.98199462890625,51.8548583984375
2020-02-26,72.26273345947266,167.44256591796875,1979.5899658203125,1390.469970703125,66.74396514892578,119.97394561767578,155.75999450683594,52.98130798339844
2020-02-27,67.53905487060547,155.6446990966797,1884.300048828125,1314.949951171875,63.02863311767578,114.9813461303711,135.8000030517578,51.30608367919922
2020-02-28,67.49954986572266,159.413330078125,1883.75,1339.25,67.38774108886719,109.99822235107422,133.59800720214844,51.83560943603516
2020-03-02,73.7838134765625,170.0205535888672,1953.949951171875,1386.3199462890625,68.97467803955078,115.12344360351562,148.7239990234375,53.895938873291016
2020-03-03,71.44047546386719,161.87327575683594,1908.989990234375,1337.719970703125,66.3447494506836,110.8034896850586,149.1020050048828,52.83689498901367
2020-03-04,74.75421905517578,167.81646728515625,1975.8299560546875,1381.5999755859375,70.99079895019531,113.5413589477539,149.89999389648438,54.95499038696289
2020-03-05,72.32942199707031,163.60504150390625,1924.030029296875,1314.760009765625,68.19119262695312,107.97087097167967,144.9080047607422,53.65524673461914
2020-03-06,71.36886596679688,158.98040771484375,1901.0899658203125,1295.739990234375,66.3821792602539,102.39089965820312,140.6959991455078,53.01981735229492
2020-03-09,65.72415161132812,148.20590209960938,1800.6099853515625,1215.7900390625,61.24207305908203,88.52152252197266,121.5999984741211,49.90043640136719
2020-03-10,70.45771789550781,158.3408203125,1891.8199462890625,1275.1700439453125,65.1445541381836,95.3993682861328,129.0659942626953,52.48066711425781
2020-03-11,68.01068878173828,151.16766357421875,1820.8599853515625,1210.9000244140625,61.49907302856445,90.90887451171876,126.84600067138672,50.29517364501953
2020-03-12,61.29430770874024,136.8311767578125,1676.6099853515625,1111.550048828125,53.97356033325195,83.41524505615234,112.11000061035156,46.87733840942383
2020-03-13,68.63787078857422,156.2843017578125,1785.0,1214.27001953125,60.09428024291992,98.44039916992188,109.3239974975586,50.28554916381836
2020-03-16,59.80781936645508,133.24951171875,1689.1500244140625,1073.0,49.0056266784668,83.70891571044922,89.01399993896484,43.22843551635742
2020-03-17,62.43757247924805,144.22080993652344,1807.8399658203125,1118.06005859375,54.21310424804688,88.8246841430664,86.04000091552734,46.7329216003418
2020-03-18,60.90911102294922,138.14968872070312,1830.0,1091.18994140625,50.60755157470703,79.47420501708984,72.24400329589844,42.71816635131836
2020-03-19,60.442420959472656,140.4226837158203,1880.9300537109373,1111.6700439453125,53.14017105102539,80.80999755859375,85.52799987792969,42.65693283081055
2020-03-20,56.60519790649414,135.1486053466797,1846.0899658203125,1068.2099609375,51.3386344909668,79.10474395751953,85.50599670410156,43.27894592285156
2020-03-23,55.40266799926758,133.80052185058594,1902.8299560546875,1054.1300048828125,53.07030487060547,74.87003326416016,86.85800170898438,43.98844146728516
2020-03-24,60.96096420288086,145.96241760253906,1940.0999755859373,1130.010009765625,62.17527389526367,83.77523803710938,101.0,47.49702072143555
2020-03-25,60.62514114379883,144.565185546875,1885.8399658203125,1101.6199951171875,61.28697967529297,86.90153503417969,107.8499984741211,47.62337112426758
2020-03-26,63.8154182434082,153.60789489746094,1955.489990234375,1162.9200439453125,64.18638610839844,92.9551773071289,105.63200378417967,48.46892929077149
2020-03-27,61.173316955566406,147.30062866210938,1900.0999755859373,1110.260009765625,63.06106185913086,86.33311462402344,102.87200164794922,45.59208679199219
2020-03-30,62.9190788269043,157.66188049316406,1963.949951171875,1146.31005859375,66.2698974609375,88.57836151123047,100.4260025024414,46.476524353027344
2020-03-31,62.79067993164063,155.18226623535156,1949.719970703125,1161.949951171875,65.77334594726562,85.29102325439453,104.8000030517578,46.44736862182617
2020-04-01,59.48682022094727,149.67201232910156,1907.699951171875,1102.0999755859375,60.65070724487305,79.91947937011719,96.31199645996094,45.20332717895508
2020-04-02,60.47945785522461,152.77154541015625,1918.8299560546875,1117.030029296875,63.74474334716797,82.90367126464844,90.8939971923828,46.77781295776367
2020-04-03,59.61027908325195,151.36444091796875,1906.5899658203125,1092.699951171875,60.86030578613281,80.45321655273438,96.0019989013672,45.73787689208984
2020-04-06,64.81053161621094,162.62109375,1997.5899658203125,1183.18994140625,66.97103881835938,85.63169860839844,103.2480010986328,48.56612396240234
2020-04-07,64.05987548828125,160.86962890625,2011.5999755859373,1182.56005859375,64.63304138183594,86.76119995117188,109.08999633789062,48.32314300537109
2020-04-08,65.699462890625,162.48333740234375,2043.0,1207.0,66.60923767089844,90.26457977294922,109.76799774169922,48.85769271850586
2020-04-09,66.17355346679688,162.49317932128906,2042.760009765625,1206.5699462890625,65.61116027832031,98.36255645751952,114.5999984741211,46.972198486328125
2020-04-13,67.47238159179688,162.8572235107422,2168.8701171875,1210.4100341796875,67.33284759521484,93.98812103271484,130.19000244140625,47.3803939819336
2020-04-14,70.87995910644531,170.91595458984375,2283.320068359375,1265.22998046875,70.85106658935547,91.41323852539062,141.97799682617188,49.20757675170898
2020-04-15,70.23300170898438,169.12513732910156,2307.679931640625,1257.300048828125,70.07505798339844,86.90479278564453,145.96600341796875,48.26482772827149
2020-04-16,70.79106140136719,174.2024383544922,2408.18994140625,1257.4300537109375,73.53340148925781,83.59286499023438,149.04200744628906,50.927852630615234
2020-04-17,69.83051300048828,175.7374267578125,2375.0,1279.0,72.93954467773438,91.10692596435548,150.7779998779297,52.18160629272461
2020-04-20,68.38107299804688,172.2541961669922,2393.610107421875,1261.1500244140625,71.62457275390625,87.78541564941406,149.27200317382812,51.11250686645508
2020-04-21,66.26739501953125,165.13023376464844,2328.1201171875,1212.1600341796875,67.24800872802734,85.2392578125,137.343994140625,49.92678451538086
2020-04-22,68.17611694335938,170.73886108398438,2363.489990234375,1258.4100341796875,71.40000915527344,85.51683807373047,146.4219970703125,51.46240234375
2020-04-23,67.91191101074219,168.67251586914062,2399.449951171875,1271.1700439453125,70.86604309082031,85.564697265625,141.12600708007812,51.16110610961914
2020-04-24,69.87251281738281,171.75234985351562,2410.219970703125,1276.5999755859375,72.25835418701172,86.82820892333984,145.02999877929688,51.24857711791992
2020-04-27,69.92189025878906,171.2603759765625,2376.0,1270.8599853515625,74.12725830078125,90.57088470458984,159.75,52.00666809082031
2020-04-28,68.78849792480469,167.0883331298828,2314.080078125,1232.5899658203125,72.69999694824219,91.21221160888672,153.82400512695312,51.27773666381836
2020-04-29,71.0478744506836,174.586181640625,2372.7099609375,1342.1800537109375,74.47159576416016,93.6722412109375,160.1020050048828,52.94940948486328
2020-04-30,72.54669952392578,176.33766174316406,2474.0,1346.699951171875,72.9295654296875,91.66210174560548,156.37600708007812,51.6373405456543
2020-05-01,71.37874603271484,171.7720489501953,2286.0400390625,1317.3199462890625,70.55913543701172,89.25951385498047,140.26400756835938,49.66437149047852
2020-05-04,72.38866424560547,175.97357177734375,2315.989990234375,1322.9000244140625,72.68254852294922,88.197021484375,152.23800659179688,50.68487548828125
2020-05-05,73.47514343261719,177.86280822753906,2317.800048828125,1349.02001953125,73.29386901855469,88.06300354003906,153.64199829101562,50.257232666015625
2020-05-06,74.23320770263672,179.61427307128906,2351.260009765625,1345.4300537109375,74.30440521240234,86.40703582763672,156.51600646972656,50.66543960571289
2020-05-07,75.00113677978516,180.65728759765625,2367.610107421875,1369.280029296875,76.07101440429688,87.30680847167969,156.00799560546875,50.85981750488281
2020-05-08,76.78630828857422,181.719970703125,2379.610107421875,1384.3399658203125,77.974853515625,88.73304748535156,163.88400268554688,51.42352294921875
2020-05-11,77.99455261230469,183.7469787597656,2409.0,1403.5899658203125,80.49998474121094,86.119873046875,162.25799560546875,50.927852630615234
2020-05-12,77.10321807861328,179.5847625732422,2356.949951171875,1375.1800537109375,77.87504577636719,83.30569458007812,161.8820037841797,49.66437149047852
2020-05-13,76.1722640991211,176.86898803710938,2367.919921875,1348.3299560546875,77.65048217773438,80.43406677246094,158.19200134277344,49.48942565917969
2020-05-14,76.64020538330078,177.6365203857422,2388.85009765625,1356.8599853515625,80.15065002441406,83.77471923828125,160.66600036621094,50.63628005981445
2020-05-15,76.18711853027344,180.22434997558597,2409.780029296875,1373.06005859375,84.74430084228516,82.22404479980469,159.83399963378906,48.40089416503906
2020-05-18,77.98217010498047,181.94630432128903,2426.260009765625,1385.1800537109375,87.3343276977539,86.57933044433594,162.7259979248047,50.412742614746094
2020-05-19,77.53155517578125,180.68682861328125,2449.330078125,1374.4000244140625,87.8857650756836,84.8755111694336,161.6020050048828,49.38252258300781
2020-05-20,79.0394058227539,183.19308471679688,2497.93994140625,1409.1600341796875,89.52760314941406,87.42167663574219,163.11199951171875,50.383575439453125
2020-05-21,78.45011901855469,180.99267578125,2446.739990234375,1406.75,87.58384704589844,86.31130981445312,165.52000427246094,49.32421112060547
2020-05-22,78.9552230834961,181.07164001464844,2436.8798828125,1413.239990234375,90.08901977539062,85.64127349853516,163.37600708007812,48.40089416503906
2020-05-26,78.42041778564453,179.1574249267578,2421.860107421875,1421.3699951171875,87.00994110107422,91.71953582763672,163.7740020751953,49.39224624633789
2020-05-27,78.76209259033203,179.39422607421875,2410.389892578125,1420.280029296875,85.0886459350586,97.03203582763672,164.04600524902344,50.28639221191406
2020-05-28,78.79676055908203,178.9896697998047,2401.10009765625,1418.239990234375,84.7068862915039,95.58665466308594,161.16200256347656,48.86741256713867
2020-05-29,78.72000885009766,180.8151092529297,2442.3701171875,1433.52001953125,88.58441925048828,93.14576721191406,167.0,48.9160041809082
2020-06-01,79.68810272216797,180.4006805419922,2471.0400390625,1434.8699951171875,87.89324951171875,94.3805694580078,179.6199951171875,49.59633255004883
2020-06-02,80.05701446533203,182.4530334472656,2472.409912109375,1442.31005859375,88.0828857421875,94.6964340209961,176.31199645996094,50.54880142211914
2020-06-03,80.49771118164062,182.8970642089844,2478.39990234375,1439.25,87.52645874023438,99.80793762207033,176.5919952392578,51.56930160522461
2020-06-04,79.8044662475586,180.48948669433597,2460.60009765625,1414.300048828125,87.53643035888672,101.88507080078124,172.87600708007812,52.755027770996094
2020-06-05,82.07738494873047,184.7126007080078,2483.0,1440.02001953125,89.0691909790039,106.4700927734375,177.1320037841797,53.64918899536133
2020-06-08,82.56265258789062,185.85720825195312,2524.06005859375,1448.0400390625,87.92088317871094,108.59507751464844,189.98399353027344,54.00879287719727
2020-06-09,85.16981506347656,187.27806091308597,2600.860107421875,1452.0799560546875,90.32733917236328,105.8096160888672,188.13400268554688,55.019569396972656
2020-06-10,87.36103820800781,194.2245178222656,2647.449951171875,1464.699951171875,93.53013610839844,101.52133178710938,205.00999450683597,55.93316268920898
2020-06-11,83.16678619384766,183.7949676513672,2557.9599609375,1401.9000244140625,87.83350372314453,93.050048828125,194.5679931640625,53.493682861328125
2020-06-12,83.88481903076172,185.2454376220703,2545.02001953125,1412.9200439453125,89.19400787353516,95.59622955322266,187.05599975585935,54.42671203613281
2020-06-15,84.92222595214844,186.42947387695312,2572.679931640625,1420.739990234375,91.60296630859376,96.91716766357422,198.17999267578125,54.44614410400391
2020-06-16,87.17285919189453,190.9980010986328,2615.27001953125,1446.469970703125,90.55201721191406,97.69251251220705,196.42599487304688,54.23232650756836
2020-06-17,87.05154418945312,191.65907287597656,2640.97998046875,1452.5400390625,92.22455596923828,95.2229232788086,198.3580017089844,55.00984573364258
2020-06-18,87.0862045288086,193.71142578125,2653.97998046875,1434.1199951171875,92.0448226928711,94.70602416992188,200.79200744628903,54.9804801940918
2020-06-19,86.58854675292969,192.55697631835935,2675.010009765625,1424.6400146484375,92.47669219970705,93.62437438964844,200.17999267578125,54.15797424316406
2020-06-22,88.85401916503906,197.9049835205078,2713.820068359375,1450.6600341796875,95.12779235839844,92.6097412109375,198.86399841308597,54.83360290527344
2020-06-23,90.75059509277344,199.2271423339844,2764.409912109375,1463.97998046875,94.3614273071289,93.7392349243164,200.3560028076172,55.5777702331543
2020-06-24,89.14865112304688,195.2112274169922,2734.39990234375,1432.699951171875,92.21957397460938,90.60918426513672,192.1699981689453,55.40151977539063
2020-06-25,90.3321533203125,197.67800903320312,2754.580078125,1441.0999755859375,94.76083374023438,93.76795196533205,197.1959991455078,55.8519401550293
2020-06-26,87.55663299560547,193.72129821777344,2692.8701171875,1362.5400390625,91.4157485961914,88.62774658203125,191.947998046875,55.156734466552734
2020-06-29,89.57453155517578,195.8032684326172,2680.3798828125,1397.1700439453125,91.8650894165039,89.02021789550781,201.8699951171875,55.21548080444336
2020-06-30,90.32225036621094,200.80589294433597,2758.820068359375,1418.050048828125,94.83822631835938,90.03484344482422,215.9620056152344,55.58756256103516
2020-07-01,90.15140533447266,201.98008728027344,2878.699951171875,1442.0,95.16024017333984,89.26908111572266,223.92599487304688,55.63652420043945
2020-07-02,90.15140533447266,203.51934814453125,2890.300048828125,1469.9300537109375,95.98153686523438,89.55905151367188,241.73199462890625,57.39902877807617
2020-07-06,92.56297302246094,207.90036010742188,3057.0400390625,1499.6500244140625,98.24821472167967,91.82073974609376,274.3160095214844,60.59113311767578
2020-07-07,92.27577209472656,205.4828948974609,3000.1201171875,1489.9200439453125,98.5727310180664,89.23043060302734,277.97198486328125,59.445499420166016
2020-07-08,94.42488861083984,210.0020751953125,3081.110107421875,1503.5999755859375,102.01018524169922,90.1776351928711,273.1759948730469,61.28633880615234
2020-07-09,94.83094787597656,211.47227478027344,3182.6298828125,1518.6600341796875,104.9358901977539,88.22523498535156,278.8559875488281,63.43072509765625
2020-07-10,94.996826171875,210.8308868408203,3200.0,1539.010009765625,104.63882446289062,93.04823303222656,308.92999267578125,62.52009582519531
2020-07-13,94.55858612060548,204.31858825683597,3104.0,1512.22998046875,100.37507629394533,94.3820571899414,299.4119873046875,63.71468734741211
2020-07-14,96.1233901977539,205.5815887451172,3084.0,1520.8599853515625,103.61782836914062,94.92330932617188,303.3599853515625,65.56531524658203
2020-07-15,96.78445434570312,205.27569580078125,3008.8701171875,1516.8800048828125,102.12252044677734,96.39244842529295,309.2019958496094,64.68406677246094
2020-07-16,95.59353637695312,201.2104339599609,2999.89990234375,1514.9200439453125,101.1988754272461,96.66307067871094,300.12799072265625,65.2030258178711
2020-07-17,95.4004135131836,200.18426513671875,2961.969970703125,1516.8499755859375,101.86540222167967,94.87498474121094,300.1679992675781,65.0169906616211
2020-07-20,97.4108657836914,208.78839111328125,3196.840087890625,1563.8399658203125,104.95336151123048,94.04376220703124,328.6000061035156,65.49676513671875
2020-07-21,96.06642150878906,205.9762725830078,3138.2900390625,1555.9200439453125,103.133544921875,96.0831527709961,313.6719970703125,66.39761352539062
2020-07-22,96.33629608154295,208.9364013671875,3099.909912109375,1564.8499755859375,104.23441314697266,95.3872528076172,318.46600341796875,67.10261535644531
2020-07-23,91.95143127441406,199.8487701416016,2986.550048828125,1516.75,101.14894104003906,95.66754913330078,302.614013671875,65.96678161621094
2020-07-24,91.7236328125,198.62527465820312,3008.909912109375,1508.2099609375,101.79550170898438,94.990966796875,283.3999938964844,72.36077880859375
2020-07-27,93.89751434326172,201.14138793945312,3055.2099609375,1529.4300537109375,104.06217193603516,93.65715789794922,307.9200134277344,81.51602172851562
2020-07-28,92.3550033569336,199.3357086181641,3000.330078125,1503.6500244140625,102.00519561767578,94.06310272216795,295.2980041503906,75.31787109375
2020-07-29,94.12529754638672,201.3485870361328,3033.530029296875,1523.510009765625,104.50152587890624,96.34412384033205,299.8219909667969,80.9480972290039
2020-07-30,95.26423645019533,201.19070434570312,3051.8798828125,1538.3699951171875,105.9843521118164,93.77312469482422,297.4979858398437,78.26516723632812
2020-07-31,105.23731994628906,202.28594970703125,3164.679931640625,1487.949951171875,105.9918441772461,93.40585327148438,286.1520080566406,77.24684143066406
2020-08-03,107.88904571533205,213.6627655029297,3111.889892578125,1482.760009765625,109.9410400390625,92.88392639160156,297.0,77.30558776855469
2020-08-04,108.60954284667967,210.45591735839844,3138.830078125,1473.300048828125,112.11284637451172,92.35233306884766,297.3999938964844,78.51976013183594
2020-08-05,109.00320434570312,210.110595703125,3205.030029296875,1479.0899658203125,112.70198822021484,93.95677947998048,297.0039978027344,79.92975616455078
2020-08-06,112.8062515258789,213.47528076171875,3225.0,1504.949951171875,113.18877410888672,93.98577117919922,297.9159851074219,78.8428726196289
2020-08-07,110.24152374267578,209.65670776367188,3167.4599609375,1498.3699951171875,111.83077239990234,96.0541534423828,290.5419921875,78.36309051513672
2020-08-10,111.84385681152344,205.4828948974609,3148.159912109375,1496.8199462890625,111.48627471923828,97.27198791503906,283.7139892578125,78.2064208984375
2020-08-11,108.51763916015624,200.6776123046875,3080.669921875,1480.5400390625,108.34088897705078,100.34557342529295,274.87799072265625,76.31661987304688
2020-08-12,112.12413787841795,206.41043090820312,3162.239990234375,1507.239990234375,114.23473358154295,99.49502563476562,310.9519958496094,77.7364273071289
2020-08-13,114.10845947265624,205.92691040039065,3161.02001953125,1516.6500244140625,114.26219177246094,98.94410705566406,324.20001220703125,76.66912841796875
2020-08-14,114.00676727294922,206.12425231933597,3148.02001953125,1504.6300048828125,115.4704132080078,98.9827651977539,330.1419982910156,76.77684020996094
2020-08-17,113.70912170410156,207.4859313964844,3182.409912109375,1516.239990234375,123.1890869140625,96.37310791015624,367.12799072265625,78.51976013183594
2020-08-18,114.6566390991211,208.67987060546875,3312.489990234375,1555.780029296875,122.4276885986328,95.02963256835938,377.4179992675781,77.75601196289062
2020-08-19,114.80049896240234,207.4138336181641,3260.47998046875,1544.6099853515625,121.20700073242188,95.25193786621094,375.70599365234375,76.90413665771484
2020-08-20,117.3478775024414,212.2406311035156,3297.3701171875,1576.25,121.23196411132812,94.1114273071289,400.3659973144531,75.21015167236328
2020-08-21,123.39509582519533,210.6976318359375,3284.719970703125,1575.5699462890625,126.64900207519533,94.06310272216795,409.9960021972656,76.70828247070312
2020-08-24,124.87093353271484,211.36032104492188,3307.4599609375,1585.1500244140625,127.0159683227539,96.71141052246094,402.8399963378906,77.25662994384766
2020-08-25,123.84652709960938,214.11001586914065,3346.489990234375,1605.8499755859375,127.31301879882812,97.13668060302734,404.6679992675781,78.37287902832031
2020-08-26,125.5307159423828,218.7389678955078,3441.85009765625,1644.1300048828125,127.54268646240234,95.77385711669922,430.6340026855469,80.04727172851562
2020-08-27,124.03008270263672,224.1097869873047,3400.0,1628.52001953125,126.0973129272461,98.92477416992188,447.75,78.92121124267578
2020-08-28,123.82917022705078,226.4143829345703,3401.800048828125,1639.4300537109375,131.28468322753906,99.33069610595705,442.6799926757813,78.7645492553711
2020-08-31,128.02847290039062,223.07122802734372,3450.9599609375,1629.530029296875,133.5488739013672,96.83705139160156,498.3200073242188,77.5993423461914
2020-09-01,133.12818908691406,224.7922821044922,3499.1201171875,1655.0799560546875,138.04861450195312,96.7887191772461,475.0499877929688,79.85142517089844
2020-09-02,130.36997985839844,229.12451171875,3531.449951171875,1717.3900146484375,143.29747009277344,98.2481918334961,447.3699951171875,80.45851135253906
2020-09-03,119.93245697021484,214.93096923828125,3368.0,1629.510009765625,130.00302124023438,97.93889617919922,407.0,79.48914337158203
2020-09-04,120.01182556152344,211.9142303466797,3294.6201171875,1581.2099609375,126.07759857177734,100.05560302734376,418.3200073242188,77.26642608642578
2020-09-08,111.93563842773438,200.45057678222656,3149.840087890625,1523.5999755859375,118.99088287353516,96.57609558105467,330.2099914550781,75.70954132080078
2020-09-09,116.40036010742188,208.9864654541016,3268.610107421875,1547.22998046875,127.00152587890624,97.49429321289062,366.2799987792969,77.7462158203125
2020-09-10,112.6003875732422,203.13101196289065,3175.110107421875,1526.050048828125,122.9737319946289,96.48910522460938,371.3399963378906,77.25662994384766
2020-09-11,111.12206268310548,201.80563354492188,3116.219970703125,1515.760009765625,121.50294494628906,97.68759155273438,372.7200012207031,77.17829895019531
2020-09-14,114.45571899414062,203.1705780029297,3102.969970703125,1508.8299560546875,128.5721893310547,99.0407485961914,419.6199951171875,78.82330322265625
2020-09-15,114.63431549072266,206.50384521484372,3156.1298828125,1535.1199951171875,129.75831604003906,95.9574966430664,449.760009765625,84.06187438964844
2020-09-16,111.25102996826172,202.8145294189453,3078.10009765625,1512.0899658203125,124.99886322021484,96.36344909667967,441.760009765625,81.39851379394531
2020-09-17,109.47506713867188,200.69786071777344,3008.72998046875,1487.0400390625,124.48946380615234,95.26158905029295,423.4299926757813,80.6180419921875
2020-09-18,106.00250244140624,198.205322265625,2954.909912109375,1451.0899658203125,121.75016784667967,95.05862426757812,442.1499938964844,78.96453857421875
2020-09-21,109.21711730957033,200.33187866210935,2960.469970703125,1430.1400146484375,125.02632904052734,92.12036895751952,449.3900146484375,79.31884765625
2020-09-22,110.93355560302734,205.15866088867188,3128.989990234375,1459.8199462890625,126.22992706298828,91.11517333984376,424.2300109863281,79.21058654785156
2020-09-23,106.28031158447266,198.4031524658203,2999.860107421875,1409.3900146484375,121.09593963623048,89.63636779785156,380.3599853515625,76.69096374511719
2020-09-24,107.37168884277344,200.9748077392578,3019.7900390625,1422.8599853515625,123.33580780029295,89.55905151367188,387.7900085449219,77.14370727539062
2020-09-25,111.39986419677734,205.5543212890625,3095.1298828125,1439.06005859375,128.587158203125,90.3419418334961,407.3399963378906,77.63582611083984
2020-09-28,114.05885314941406,207.1566619873047,3174.050048828125,1458.6600341796875,130.19778442382812,92.9419174194336,421.2000122070313,78.51177978515625
2020-09-29,113.1956787109375,205.00042724609372,3144.8798828125,1466.02001953125,132.10305786132812,92.15902709960938,419.0700073242188,79.2401123046875
2020-09-30,114.90219116210938,208.03695678710935,3148.72998046875,1465.5999755859375,135.14698791503906,93.04823303222656,429.010009765625,79.7912826538086
2020-10-01,115.87451934814452,210.14373779296875,3221.260009765625,1487.9000244140625,135.98602294921875,93.72481536865234,448.1600036621094,81.31683349609375
2020-10-02,112.1340560913086,203.9420928955078,3125.0,1455.5999755859375,130.469970703125,94.61402130126952,415.0899963378906,79.52554321289062
2020-10-05,115.58678436279295,208.0864105224609,3199.199951171875,1482.8299560546875,136.2657012939453,96.61380767822266,425.6799926757813,83.20655059814453
2020-10-06,112.2729721069336,203.66514587402344,3099.9599609375,1451.02001953125,137.20460510253906,95.61878967285156,413.9800109863281,81.80894470214844
2020-10-07,114.17791748046876,207.5423889160156,3195.68994140625,1459.1400146484375,139.47694396972656,97.28690338134766,425.2999877929688,85.54901123046875
2020-10-08,114.06877899169922,208.2842254638672,3190.550048828125,1483.4300537109375,138.2259063720703,99.28668212890624,425.9200134277344,86.41513061523438
2020-10-09,116.0531005859375,213.45721435546875,3286.64990234375,1510.449951171875,137.46678161621094,98.72088623046876,434.0,87.37966918945312
2020-10-12,123.42486572265624,218.9862518310547,3442.929931640625,1564.5899658203125,142.09388732910156,99.93051147460938,442.2999877929688,89.47608184814453
2020-10-13,120.15072631835938,220.4303436279297,3443.6298828125,1567.0699462890625,142.31613159179688,98.3111801147461,446.6499938964844,88.22610473632812
2020-10-14,120.24002075195312,218.4521484375,3363.7099609375,1563.43994140625,140.78790283203125,97.764892578125,461.2999877929688,87.2025146484375
2020-10-15,119.76378631591795,217.26524353027344,3338.64990234375,1555.469970703125,139.536865234375,99.22815704345705,448.8800048828125,86.75960540771484
2020-10-16,118.08702850341795,217.26524353027344,3272.7099609375,1567.699951171875,137.95372009277344,99.02330017089844,439.6700134277344,85.33248138427734
2020-10-19,115.07086181640624,211.88455200195312,3207.2099609375,1529.949951171875,134.8198699951172,97.35519409179688,430.8299865722656,86.17890930175781
2020-10-20,116.5888671875,212.3098602294922,3217.010009765625,1551.0799560546875,136.295654296875,97.9112319946289,421.9400024414063,86.86788177490234
2020-10-21,115.95388793945312,212.4582061767578,3184.93994140625,1585.989990234375,135.08956909179688,96.93572235107422,422.6400146484375,86.25764465332031
2020-10-22,114.84265899658205,212.5472412109375,3176.39990234375,1606.6600341796875,133.4539794921875,100.35973358154295,425.7900085449219,86.81864929199219
2020-10-23,114.13823699951172,213.8726348876953,3204.39990234375,1632.97998046875,135.74380493164062,101.26695251464844,420.6300048828125,86.91707611083984
2020-10-26,114.14815521240234,207.7896881103516,3207.0400390625,1584.2900390625,131.25906372070312,98.7599105834961,420.2799987792969,85.36201477050781
2020-10-27,115.68600463867188,210.9251251220703,3286.330078125,1598.8800048828125,133.81106567382812,96.89671325683594,424.6799926757813,85.34232330322266
2020-10-28,110.3283233642578,200.4703521728516,3162.780029296875,1510.800048828125,126.12254333496094,94.175048828125,406.0199890136719,82.52743530273438
2020-10-29,114.4160385131836,202.48809814453125,3211.010009765625,1556.8800048828125,130.08792114257812,94.78961944580078,410.8299865722656,83.55103302001953
2020-10-30,108.00668334960938,200.2626190185547,3036.14990234375,1616.1099853515625,125.1936264038086,95.6383056640625,388.0400085449219,82.547119140625
2020-11-02,107.91737365722656,200.1241607666016,3004.47998046875,1624.3199462890625,125.66059112548828,97.7941665649414,400.510009765625,84.35808563232422
2020-11-03,109.57428741455078,204.17947387695312,3048.409912109375,1645.6600341796875,130.04295349121094,100.87676239013672,423.8999938964844,86.30686950683594
2020-11-04,114.04894256591795,214.0308990478516,3241.159912109375,1745.8499755859375,137.7814178466797,97.7941665649414,420.9800109863281,88.03910064697266
2020-11-05,118.09695434570312,220.85565185546875,3322.0,1762.5,141.43466186523438,101.7937240600586,438.0899963378906,89.00364685058594
2020-11-06,117.9627914428711,221.28097534179688,3311.3701171875,1759.72998046875,145.44996643066406,100.43778228759766,429.9500122070313,89.96818542480469
2020-11-09,115.60730743408205,216.00906372070312,3143.739990234375,1761.4200439453125,136.14833068847656,114.03629302978516,421.260009765625,87.62572479248047
2020-11-10,115.25944519042967,208.70953369140625,3035.02001953125,1737.719970703125,127.5508804321289,113.66558837890624,410.3599853515625,86.27734375
2020-11-11,118.75788116455078,214.1891326904297,3137.389892578125,1747.22998046875,134.02328491210938,111.96822357177734,417.1300048828125,89.44654846191406
2020-11-12,118.47959899902344,213.09124755859372,3110.280029296875,1742.8199462890625,134.41038513183594,110.59276580810548,411.760009765625,88.40325927734375
2020-11-13,118.52928924560548,214.14956665039065,3128.81005859375,1772.260009765625,132.8147430419922,111.28536987304688,408.5,91.74964141845705
2020-11-16,119.56291961669922,214.8617248535156,3131.06005859375,1774.030029296875,134.9946746826172,114.42649841308594,408.0899963378906,97.70420837402344
2020-11-17,118.6584930419922,212.1219482421875,3135.659912109375,1761.6600341796875,134.06576538085938,113.26564025878906,441.6099853515625,94.20036315917967
2020-11-18,117.30682373046876,209.3253631591797,3105.4599609375,1740.6400146484375,134.13070678710938,112.4267120361328,486.6400146484375,95.40111541748048
2020-11-19,117.91309356689452,210.65423583984372,3117.02001953125,1758.5699462890625,134.2455596923828,112.72911071777344,499.2699890136719,95.08617401123048
2020-11-20,116.6210479736328,208.64111328125,3099.39990234375,1736.3800048828125,130.72467041015625,111.76337432861328,489.6099853515625,93.82635498046876
2020-11-23,113.15243530273438,208.36343383789065,3098.389892578125,1727.56005859375,131.24655151367188,114.98252868652344,521.8499755859375,96.58219909667967
2020-11-24,114.46435546875,212.08226013183597,3118.06005859375,1763.9000244140625,129.42617797851562,120.29901885986328,555.3800048828125,95.1156997680664
2020-11-25,115.31907653808594,212.0921936035156,3185.070068359375,1764.1300048828125,132.19296264648438,119.04061126708984,574.0,95.95228576660156
2020-11-27,115.87564086914062,213.4408721923828,3195.340087890625,1787.02001953125,132.4576416015625,118.2504653930664,585.760009765625,97.1825714111328
2020-11-30,118.32058715820312,212.29052734375,3168.0400390625,1754.4000244140625,133.85850524902344,114.99227142333984,567.5999755859375,95.48969268798828
2020-12-01,121.96809387207033,214.4127349853516,3220.080078125,1795.3599853515625,133.74365234375,116.80670928955078,584.760009765625,99.26913452148438
2020-12-02,122.32588958740234,213.57969665527344,3203.530029296875,1824.969970703125,135.28684997558594,119.05037689208984,568.8200073242188,97.9699478149414
2020-12-03,122.1867446899414,212.4591064453125,3186.72998046875,1821.8399658203125,133.84310913085938,118.26996612548828,593.3800048828125,97.93058013916016
2020-12-04,121.5009765625,212.57809448242188,3162.580078125,1823.760009765625,135.4641876220703,119.343017578125,599.0399780273438,102.0938720703125
2020-12-07,122.99178314208984,212.50868225097656,3158.0,1817.030029296875,135.94876098632812,118.894287109375,641.760009765625,104.71190643310548
2020-12-08,123.617919921875,214.21438598632807,3177.2900390625,1811.3299560546875,133.38351440429688,119.0113525390625,649.8800048828125,103.97373962402344
2020-12-09,121.03384399414062,210.03939819335935,3104.199951171875,1777.8599853515625,129.1946563720703,118.08463287353516,604.47998046875,102.77297973632812
2020-12-10,122.48490142822266,208.77001953125,3101.489990234375,1767.6500244140625,129.6092987060547,117.32372283935548,627.0700073242188,102.58597564697266
2020-12-11,121.65999603271484,211.48724365234372,3116.419921875,1774.800048828125,130.01895141601562,116.63111877441406,609.989990234375,102.38912963867188
2020-12-14,121.03384399414062,212.41943359375,3156.969970703125,1752.260009765625,132.9713592529297,115.4020004272461,639.8300170898438,101.9265365600586
2020-12-15,127.09647369384766,212.3500213623047,3165.1201171875,1761.0799560546875,133.4884033203125,117.3725128173828,633.25,103.43241119384766
2020-12-16,127.0269012451172,217.4571990966797,3240.9599609375,1757.18994140625,132.30943298339844,117.71393585205078,622.77001953125,103.5406723022461
2020-12-17,127.91146087646484,217.59603881835935,3236.080078125,1740.510009765625,133.2960968017578,116.7384262084961,655.9000244140625,102.69265747070312
2020-12-18,125.88395690917967,216.7729339599609,3201.64990234375,1726.219970703125,132.6041717529297,116.1628875732422,695.0,103.06822967529295
2020-12-21,127.44432830810548,220.73968505859372,3206.179931640625,1734.56005859375,133.20614624023438,120.5233917236328,649.8599853515625,103.61184692382812
2020-12-22,131.0719757080078,222.07847595214844,3206.52001953125,1720.219970703125,132.6666259765625,118.68943786621094,640.3400268554688,102.73218536376952
2020-12-23,130.15760803222656,219.1827392578125,3185.27001953125,1728.22998046875,129.97897338867188,122.0061492919922,645.97998046875,102.55427551269533
2020-12-24,131.1614227294922,220.8983612060547,3172.68994140625,1734.1600341796875,129.8240966796875,121.46961212158205,661.77001953125,104.73859405517578
2020-12-28,135.85250854492188,223.08999633789065,3283.9599609375,1773.9599609375,128.88742065429688,122.26953125,663.6900024414062,104.91650390625
2020-12-29,134.04364013671875,222.2867126464844,3322.0,1757.760009765625,129.31956481933594,121.9476089477539,665.989990234375,104.33335876464844
2020-12-30,132.9006805419922,219.83726501464844,3285.85009765625,1736.25,131.34278869628906,122.2890396118164,694.780029296875,107.63455200195312
2020-12-31,131.87701416015625,220.57110595703125,3256.929931640625,1752.6400146484375,130.4360809326172,123.9571533203125,705.6699829101562,107.7729263305664
2021-01-04,128.61709594726562,215.88043212890625,3186.6298828125,1726.1300048828125,131.0205535888672,122.78655242919922,729.77001953125,110.40200805664062
2021-01-05,130.20730590820312,216.0886688232422,3218.510009765625,1740.050048828125,133.93051147460938,123.45466613769533,735.1099853515625,111.4595718383789
2021-01-06,125.8243179321289,210.4856414794922,3138.3798828125,1722.8800048828125,126.03491973876952,129.2515869140625,755.97998046875,114.2665786743164
2021-01-07,130.1178436279297,216.4754180908203,3162.159912109375,1774.3399658203125,133.3235626220703,133.49610900878906,816.0399780273438,120.01895141601562
2021-01-08,131.2409210205078,217.7943878173828,3182.699951171875,1797.8299560546875,132.65164184570312,133.6435089111328,880.02001953125,117.310791015625
2021-01-11,128.18971252441406,215.6820831298828,3114.2099609375,1756.2900390625,136.09613037109375,135.6380157470703,811.1900024414062,121.17534637451172
2021-01-12,128.01084899902344,213.14337158203125,3120.830078125,1737.4300537109375,134.7298126220703,137.7700958251953,849.4400024414062,121.57069396972656
2021-01-13,130.08804321289062,214.5416412353516,3165.889892578125,1747.25,135.1994171142578,137.89784240722656,854.4099731445312,117.84451293945312
2021-01-14,128.1201629638672,211.24925231933597,3127.469970703125,1730.9200439453125,131.88731384277344,138.70350646972656,845.0,124.98060607910156
2021-01-15,126.36100769042967,210.88229370117188,3104.25,1727.6199951171875,128.4827880859375,136.21771240234375,826.1599731445312,123.77478790283205
2021-01-19,127.04678344726562,214.6408233642578,3120.760009765625,1784.469970703125,130.1388397216797,135.62818908691406,844.5499877929688,129.77426147460938
2021-01-20,131.22103881835938,222.4751434326172,3263.3798828125,1880.0699462890625,133.54086303710938,133.5943603515625,850.4500122070312,129.12191772460938
2021-01-21,136.03138732910156,223.09991455078125,3306.989990234375,1884.1500244140625,138.55398559570312,132.47427368164062,844.989990234375,132.6010284423828
2021-01-22,138.21792602539062,224.07174682617188,3292.22998046875,1892.56005859375,137.00534057617188,131.4524383544922,846.6400146484375,127.6393585205078
2021-01-25,142.04434204101562,227.6220245361328,3294.0,1894.280029296875,136.41336059570312,129.81163024902344,880.7999877929688,129.00332641601562
2021-01-26,142.28285217285156,230.3987274169922,3326.1298828125,1907.949951171875,134.23524475097656,129.28106689453125,883.0900268554688,125.17828369140624
2021-01-27,141.18959045410156,230.9639892578125,3232.580078125,1818.93994140625,129.06478881835938,125.62605285644533,864.1599731445312,120.3253402709961
2021-01-28,136.25006103515625,236.94386291503903,3237.6201171875,1853.199951171875,130.3961181640625,127.83673858642578,835.4299926757812,124.3678207397461
2021-01-29,131.1514892578125,230.03179931640625,3206.199951171875,1827.3599853515625,129.78416442871094,126.42190551757812,793.530029296875,120.10790252685548
2021-02-01,133.31813049316406,237.6578826904297,3342.8798828125,1893.0699462890625,132.25448608398438,127.35530090332033,839.8099975585938,125.18817138671876
2021-02-02,134.16293334960938,237.51904296875,3380.0,1919.1199951171875,135.44920349121094,131.2755889892578,872.7899780273438,126.94749450683594
2021-02-03,133.11935424804688,240.9800262451172,3312.530029296875,2058.8798828125,135.18692016601562,132.7788543701172,854.6900024414062,126.0184097290039
2021-02-04,136.54820251464844,239.99826049804688,3331.0,2053.6298828125,136.5232696533203,135.8345184326172,849.989990234375,126.66085052490234
2021-02-05,136.1251678466797,240.18667602539065,3352.14990234375,2088.830078125,135.79139709472656,135.56924438476562,852.22998046875,126.29515075683594
2021-02-08,136.2744903564453,240.45443725585935,3322.93994140625,2084.52001953125,144.26150512695312,137.69151306152344,863.4199829101562,131.00973510742188
2021-02-09,135.37864685058594,241.7436370849609,3305.0,2075.389892578125,142.508056640625,137.1412811279297,849.4600219726562,131.13819885253906
2021-02-10,134.76153564453125,240.8015289306641,3286.580078125,2086.47998046875,147.51365661621094,137.2198944091797,804.8200073242188,132.13648986816406
2021-02-11,134.50274658203125,242.4576416015625,3262.1298828125,2088.75,152.37440490722656,136.83670043945312,811.6599731445312,137.54290771484375
2021-02-12,134.7416229248047,242.9534912109375,3277.7099609375,2095.030029296875,149.48196411132812,138.7821044921875,816.1199951171875,136.45570373535156
2021-02-16,132.57174682617188,241.67420959472656,3268.949951171875,2110.699951171875,153.16871643066406,142.12269592285156,796.219970703125,138.42257690429688
2021-02-17,130.23265075683594,242.72781372070312,3308.639892578125,2118.6201171875,148.92991638183594,142.56483459472656,798.1500244140625,134.68650817871094
2021-02-18,129.10791015625,242.32028198242188,3328.22998046875,2105.81005859375,148.16058349609375,143.0462646484375,787.3800048828125,133.06558227539062
2021-02-19,129.26715087890625,239.5172882080078,3249.89990234375,2088.81005859375,149.13473510742188,145.43382263183594,781.2999877929688,135.07196044921875
2021-02-22,125.41512298583984,233.09622192382807,3180.739990234375,2054.260009765625,143.43222045898438,146.79954528808594,714.5,132.01788330078125
2021-02-23,125.27577209472656,231.86370849609372,3194.5,2060.1201171875,141.29660034179688,147.9785614013672,698.8400268554688,127.59983825683594
2021-02-24,124.76814270019533,233.135986328125,3159.530029296875,2083.81005859375,144.8634796142578,150.58226013183594,742.02001953125,130.76263427734375
2021-02-25,120.42837524414062,227.6095123291016,3057.159912109375,2015.949951171875,132.9588623046875,148.53860473632812,682.219970703125,124.5358428955078
2021-02-26,120.69712829589844,230.9790802001953,3092.929931640625,2021.9100341796875,137.02532958984375,144.5986785888672,675.5,124.4765396118164
2021-03-01,127.19681549072266,235.51158142089844,3146.139892578125,2069.659912109375,138.2967071533203,147.8704833984375,718.4299926757812,127.62947082519533
2021-03-02,124.53921508789062,232.4600830078125,3094.530029296875,2064.47998046875,133.94549560546875,147.3890380859375,686.4400024414062,124.5358428955078
2021-03-03,121.49341583251952,226.1881256103516,3005.0,2011.4100341796875,127.93577575683594,150.23838806152344,653.2000122070312,121.46197509765624
2021-03-04,119.5723648071289,225.36312866210935,2977.570068359375,2033.9300537109373,123.59455108642578,147.929443359375,621.4400024414062,114.2468032836914
2021-03-05,120.85638427734376,230.2037811279297,3000.4599609375,2097.070068359375,124.5062484741211,148.27333068847656,597.9500122070312,119.39627075195312
2021-03-08,115.8198699951172,226.0191650390625,2951.949951171875,2007.5,115.8313446044922,150.23838806152344,563.0,112.6061019897461
2021-03-09,120.52791595458984,232.37062072753903,3062.85009765625,2040.3599853515625,125.13642120361328,149.17726135253906,673.5800170898438,115.02762603759766
2021-03-10,119.4230728149414,231.01882934570312,3057.639892578125,2036.18994140625,124.61669921875,152.41961669921875,668.0599975585938,112.50726318359376
2021-03-11,121.39388275146484,235.700439453125,3113.590087890625,2100.5400390625,129.8664093017578,151.62376403808594,699.5999755859375,119.17881774902344
2021-03-12,120.46818542480467,234.3287506103516,3089.489990234375,2050.0,128.49215698242188,153.42176818847656,693.72998046875,116.9253158569336
2021-03-15,123.4144515991211,233.3944091796875,3081.679931640625,2054.43994140625,131.84288024902344,152.65541076660156,707.9400024414062,117.69625854492188
2021-03-16,124.98712158203124,236.2769470214844,3091.860107421875,2083.889892578125,132.8423614501953,150.82789611816406,676.8800048828125,117.96311950683594
2021-03-17,124.1808853149414,235.6109771728516,3135.72998046875,2082.219970703125,133.34210205078125,152.3802947998047,701.8099975585938,117.82223510742188
2021-03-18,119.97051239013672,229.3290863037109,3027.989990234375,2021.3399658203125,127.15785217285156,154.89556884765625,653.1599731445312,113.59587860107422
2021-03-19,119.43302154541016,228.96131896972656,3074.9599609375,2026.9599609375,128.3896942138672,152.42942810058594,654.8699951171875,112.73274230957033
2021-03-22,122.81724548339844,234.56732177734372,3110.8701171875,2030.68994140625,131.79290771484375,148.33229064941406,670.0,116.25470733642578
2021-03-23,121.97118377685548,236.14773559570312,3137.5,2041.3299560546875,130.63851928710938,146.8486785888672,662.1599731445312,113.9827880859375
2021-03-24,119.53255462646484,234.0405120849609,3087.070068359375,2032.530029296875,126.36327362060548,147.98838806152344,630.27001953125,108.09962463378906
2021-03-25,120.0302276611328,230.93931579589844,3046.260009765625,2032.4599609375,125.28633880615234,149.8846893310547,640.3900146484375,109.57785034179688
2021-03-26,120.64735412597656,235.0543365478516,3052.030029296875,2024.72998046875,128.32473754882812,152.3802947998047,618.7100219726562,115.6396026611328
2021-03-29,120.82652282714844,233.82183837890625,3075.72998046875,2045.7900390625,129.41415405273438,150.01239013671875,611.2899780273438,113.48674011230467
2021-03-30,119.34343719482422,230.4522705078125,3055.2900390625,2046.469970703125,128.64955139160156,151.7809600830078,635.6199951171875,114.16136932373048
2021-03-31,121.58300018310548,234.3486328125,3094.080078125,2062.52001953125,133.41204833984375,149.5702667236328,667.9299926757812,117.34603118896484
2021-04-01,122.42904663085938,240.88897705078125,3161.0,2129.780029296875,138.0446014404297,151.0244140625,661.75,123.81454467773438
2021-04-05,125.31559753417967,247.56846618652344,3226.72998046875,2218.9599609375,139.80117797851562,151.82493591308594,691.0499877929688,123.51691436767578
2021-04-06,125.62415313720705,246.36573791503903,3223.820068359375,2209.260009765625,138.54185485839844,150.75755310058594,691.6199951171875,121.47318267822266
2021-04-07,127.30631256103516,248.39344787597656,3279.389892578125,2239.030029296875,141.3603515625,153.11962890625,670.969970703125,118.9433135986328
2021-04-08,129.7548828125,251.72325134277344,3299.300048828125,2250.429931640625,143.09442138671875,153.3074188232422,683.7999877929688,122.45536041259766
2021-04-09,132.3826141357422,254.30758666992188,3372.199951171875,2270.669921875,143.92401123046875,154.453857421875,677.02001953125,121.8303451538086
2021-04-12,130.6308135986328,254.36721801757807,3379.389892578125,2244.6201171875,152.00973510742188,154.12771606445312,701.97998046875,119.9453353881836
2021-04-13,133.80599975585938,256.9316711425781,3400.0,2254.429931640625,156.71224975585938,152.28944396972656,762.3200073242188,120.31241607666016
2021-04-14,131.41712951660156,254.0491485595703,3333.0,2241.909912109375,152.68936157226562,149.443115234375,732.22998046875,119.88580322265624
2021-04-15,133.87567138671875,257.9355773925781,3379.090087890625,2285.25,161.28732299804688,150.39187622070312,738.8499755859375,117.41546630859376
2021-04-16,133.53726196289062,259.1680908203125,3399.43994140625,2282.75,159.041015625,151.50868225097656,739.780029296875,117.90160369873048
2021-04-19,134.21409606933594,257.1801452636719,3372.010009765625,2289.760009765625,153.5364227294922,150.86627197265625,714.6300048828125,114.48876953125
2021-04-20,132.49212646484375,256.7030639648437,3334.68994140625,2279.010009765625,151.63243103027344,147.52577209472656,718.989990234375,114.04231262207033
2021-04-21,132.88031005859375,259.0090637207031,3362.02001953125,2278.35009765625,153.52394104003906,148.7809295654297,744.1199951171875,116.47297668457033
2021-04-22,131.3275604248047,255.61962890625,3309.0400390625,2252.52001953125,148.4241180419922,145.64797973632812,719.6900024414062,114.4094009399414
2021-04-23,133.69650268554688,259.5756225585937,3340.8798828125,2299.929931640625,152.57192993164062,148.43502807617188,729.4000244140625,117.70317840576172
2021-04-26,134.0946502685547,259.97320556640625,3409.0,2309.929931640625,154.69830322265625,148.8007049560547,738.2000122070312,120.56044006347656
2021-04-27,133.7661895751953,260.3907165527344,3417.429931640625,2290.97998046875,153.736328125,149.48263549804688,704.739990234375,120.31241607666016
2021-04-28,132.95994567871094,253.02536010742188,3458.5,2359.0400390625,152.68685913085938,150.45118713378906,694.4000244140625,118.7151336669922
2021-04-29,132.8603973388672,250.9877166748047,3471.31005859375,2392.760009765625,153.16661071777344,153.37660217285156,677.0,118.15955352783205
2021-04-30,130.84979248046875,250.65968322753903,3467.419921875,2353.5,150.0157928466797,152.01272583007812,709.4400024414062,115.81818389892578
2021-05-03,131.92474365234375,250.3416290283203,3386.489990234375,2343.080078125,148.2891845703125,151.5679931640625,684.9000244140625,115.0245132446289
2021-05-04,127.25653839111328,246.2961578369141,3311.8701171875,2306.830078125,143.43675231933594,153.6632080078125,673.5999755859375,114.44908142089844
2021-05-05,127.50538635253906,244.984130859375,3270.5400390625,2314.77001953125,144.50869750976562,155.6793670654297,670.9400024414062,114.46892547607422
2021-05-06,129.1377716064453,248.22447204589844,3306.3701171875,2337.35009765625,145.1533660888672,158.8123321533203,663.5399780273438,116.07613372802734
2021-05-07,129.8257293701172,250.93801879882807,3291.610107421875,2351.929931640625,148.04432678222656,159.3559112548828,672.3699951171875,115.90747833251952
2021-05-10,126.47564697265624,245.68983459472656,3190.489990234375,2291.75,142.5821990966797,159.3361358642578,629.0399780273438,111.42316436767578
2021-05-11,125.53842163085938,244.7455596923828,3223.909912109375,2270.06005859375,142.98699951171875,156.68743896484375,617.2000122070312,111.95890045166016
2021-05-12,122.40768432617188,237.5591735839844,3151.93994140625,2200.25,137.51239013671875,155.61019897460938,589.8900146484375,107.35553741455078
2021-05-13,124.6011962890625,241.5648651123047,3161.469970703125,2229.0400390625,136.58038330078125,159.6128692626953,571.6900024414062,107.89128112792967
2021-05-14,127.07386779785156,246.6540069580078,3222.89990234375,2278.3798828125,142.35482788085938,162.09353637695312,589.739990234375,111.57198333740234
2021-05-17,125.89734649658205,243.70188903808597,3270.389892578125,2288.919921875,141.58023071289062,162.74583435058594,576.8300170898438,108.93299102783205
2021-05-18,124.4815444946289,241.6145782470703,3232.280029296875,2262.469970703125,140.08352661132812,160.45294189453125,577.8699951171875,109.96477508544922
2021-05-19,124.322021484375,242.2123260498047,3231.800048828125,2271.5,140.583251953125,159.2274169921875,563.4600219726562,111.51245880126952
2021-05-20,126.93428802490234,245.55978393554688,3247.679931640625,2306.949951171875,146.04788208007812,158.95069885253906,586.780029296875,112.38550567626952
2021-05-21,125.0598373413086,244.25466918945312,3203.080078125,2294.1298828125,149.83836364746094,160.75930786132812,580.8800048828125,110.966796875
2021-05-24,126.72490692138672,249.8437347412109,3244.989990234375,2361.0400390625,156.03759765625,161.6290283203125,606.4400024414062,112.73274230957033
2021-05-25,126.52549743652344,250.7802276611328,3259.050048828125,2362.8701171875,156.39492797851562,159.9587860107422,604.6900024414062,113.37760925292967
2021-05-26,126.47564697265624,250.55108642578125,3265.159912109375,2380.31005859375,156.91714477539062,159.9390106201172,619.1300048828125,115.0840301513672
2021-05-27,124.9102783203125,248.3792266845703,3230.110107421875,2362.679931640625,154.7982635498047,162.42958068847656,630.8499755859375,114.85584259033205
2021-05-28,124.24225616455078,248.7478179931641,3223.070068359375,2356.85009765625,162.35928344726562,162.3208465576172,625.219970703125,116.43328857421876
2021-06-01,123.9132308959961,246.47634887695312,3218.64990234375,2381.179931640625,162.5591583251953,164.10971069335938,623.9000244140625,117.57421112060548
2021-06-02,124.69092559814452,246.3767242431641,3233.989990234375,2370.590087890625,167.69395446777344,164.1195831298828,605.1199951171875,118.01073455810548
2021-06-03,123.1754150390625,244.7926788330078,3187.010009765625,2347.580078125,169.60792541503906,164.22828674316406,572.8400268554688,115.8975601196289
2021-06-04,125.51847839355467,249.8536834716797,3206.219970703125,2393.570068359375,175.6897430419922,164.49514770507812,599.0499877929688,118.56631469726562
2021-06-07,125.52845001220705,252.86241149902344,3198.010009765625,2402.300048828125,176.09701538085938,163.72425842285156,605.1300048828125,117.28650665283205
2021-06-08,126.365966796875,251.62705993652344,3264.110107421875,2398.43994140625,174.47787475585938,163.0719757080078,603.5900268554688,115.0046615600586
2021-06-09,126.75481414794922,252.6432342529297,3281.14990234375,2407.93994140625,173.53065490722656,161.03604125976562,598.780029296875,116.20510864257812
2021-06-10,125.73783111572266,256.27960205078125,3349.64990234375,2435.1298828125,174.1979522705078,158.5257110595703,610.1199951171875,117.30634307861328
2021-06-11,126.9741668701172,256.9271850585937,3346.830078125,2430.199951171875,178.1992645263672,158.4169921875,609.8900146484375,117.31626892089844
2021-06-14,130.0949249267578,258.91973876953125,3383.8701171875,2448.909912109375,180.1336669921875,155.7288055419922,617.6900024414062,120.0346221923828
2021-06-15,129.2574005126953,257.3954162597656,3383.1298828125,2428.389892578125,177.8318634033203,153.36671447753906,599.3599853515625,118.50678253173828
2021-06-16,129.76589965820312,256.4190979003906,3415.25,2415.449951171875,178.04928588867188,154.44398498535156,604.8699951171875,117.08808135986328
2021-06-17,131.40106201171875,259.92596435546875,3489.239990234375,2434.8701171875,186.51675415039065,149.98666381835938,616.5999755859375,118.63273620605467
2021-06-18,130.0749969482422,258.46142578125,3486.89990234375,2402.219970703125,186.3318328857422,146.19154357910156,623.3099975585938,115.31635284423828
2021-06-21,131.90956115722656,261.64947509765625,3453.9599609375,2436.25,184.21746826171875,148.67222595214844,620.8300170898438,113.67310333251952
2021-06-22,133.5845947265625,264.51873779296875,3505.43994140625,2446.610107421875,188.8110809326172,148.4547882080078,623.7100219726562,113.8623275756836
2021-06-23,133.30543518066406,264.2796325683594,3503.820068359375,2442.5400390625,190.51556396484372,149.35415649414062,656.5700073242188,115.5752944946289
2021-06-24,133.0162811279297,265.6943359375,3449.080078125,2450.0,191.99761962890625,150.72792053222656,679.8200073242188,116.76042175292967
2021-06-25,132.71717834472656,264.03057861328125,3401.4599609375,2450.169921875,190.25314331054688,152.2499237060547,671.8699951171875,116.05332946777344
2021-06-28,134.38223266601562,267.7167663574219,3443.889892578125,2450.719970703125,199.79031372070312,152.52664184570312,688.719970703125,119.1207275390625
2021-06-29,135.9276580810547,270.38671875,3448.139892578125,2445.449951171875,200.20767211914065,152.33888244628906,680.760009765625,119.73819732666016
2021-06-30,136.55581665039062,269.8886108398437,3440.159912109375,2441.7900390625,199.9652404785156,153.72250366210938,679.7000122070312,119.6684799194336
2021-07-01,136.86489868164062,270.5860290527344,3432.969970703125,2448.889892578125,202.0596160888672,155.24452209472656,677.9199829101562,117.9355926513672
2021-07-02,139.54696655273438,276.6134033203125,3510.97998046875,2505.14990234375,204.8087921142578,155.0954132080078,678.9000244140625,118.42359924316406
2021-07-06,141.6008758544922,276.6233825683594,3675.739990234375,2523.800048828125,206.9231719970703,152.49110412597656,659.5800170898438,119.55892944335938
2021-07-07,144.1433563232422,278.8848876953125,3696.580078125,2529.47998046875,203.65663146972656,152.67002868652344,644.6500244140625,117.76629638671876
2021-07-08,142.81727600097656,276.38427734375,3731.409912109375,2500.8798828125,198.96804809570312,150.03590393066406,652.8099975585938,117.38784790039062
2021-07-09,144.6817626953125,276.90234375,3719.340087890625,2510.3701171875,200.44261169433597,154.83697509765625,656.9500122070312,120.06684112548828
2021-07-12,144.07354736328125,276.28466796875,3718.550048828125,2539.510009765625,205.063720703125,157.05361938476562,685.7000122070312,122.1283721923828
2021-07-13,145.21018981933594,279.93096923828125,3677.360107421875,2546.830078125,202.4394989013672,154.71768188476562,668.5399780273438,123.39318084716795
2021-07-14,148.70982360839844,281.4552917480469,3681.679931640625,2564.739990234375,198.3557281494141,154.19085693359375,653.3800048828125,123.88117980957033
2021-07-15,148.04180908203125,279.98077392578125,3631.199951171875,2540.10009765625,189.60585021972656,154.52883911132812,650.5999755859375,117.04924011230467
2021-07-16,145.95797729492188,279.70184326171875,3573.6298828125,2539.39990234375,181.5557556152344,151.00009155273438,644.219970703125,115.2665557861328
2021-07-19,142.02960205078125,275.9757995605469,3549.590087890625,2491.56005859375,187.74139404296875,146.0896759033203,646.219970703125,114.8781509399414
2021-07-20,145.71868896484375,278.27716064453125,3573.18994140625,2524.18994140625,186.0644073486328,148.8132781982422,660.5,115.92385864257812
2021-07-21,144.97088623046875,280.3493957519531,3585.199951171875,2550.97998046875,194.0420379638672,151.94439697265625,655.2899780273438,117.38784790039062
2021-07-22,146.36676025390625,285.0717163085937,3638.030029296875,2568.429931640625,195.8814697265625,150.0259552001953,649.260009765625,116.0832061767578
2021-07-23,148.12156677246094,288.5885314941406,3656.639892578125,2660.300048828125,195.5215759277344,149.73770141601562,643.3800048828125,116.31226348876952
2021-07-26,148.55030822753906,287.9708251953125,3699.820068359375,2680.699951171875,192.8823699951172,150.74163818359375,657.6199951171875,115.17693328857422
2021-07-27,146.33685302734375,285.47021484375,3626.389892578125,2638.0,192.0226287841797,150.5428466796875,644.780029296875,113.0755615234375
2021-07-28,144.5521240234375,285.1513977050781,3630.320068359375,2721.8798828125,194.97174072265625,150.79135131835938,646.97998046875,114.59930419921876
2021-07-29,145.21018981933594,285.4303894042969,3599.919921875,2715.550048828125,196.56124877929688,152.08355712890625,677.3499755859375,115.67488098144533
2021-07-30,145.42953491210938,283.8463134765625,3327.590087890625,2694.530029296875,194.9317626953125,150.87086486816406,687.2000122070312,116.16287994384766
2021-08-02,145.09056091308594,283.75665283203125,3331.47998046875,2697.090087890625,197.4409942626953,150.2645263671875,709.6699829101562,116.3819808959961
2021-08-03,146.92510986328125,286.0480651855469,3366.239990234375,2712.60009765625,198.0908050537109,151.97422790527344,709.739990234375,117.92564392089844
2021-08-04,146.51632690429688,285.4403381347656,3354.719970703125,2702.510009765625,202.679443359375,150.3341064453125,710.9199829101562,118.25428771972656
2021-08-05,146.62600708007812,288.4390869140625,3375.989990234375,2725.030029296875,206.308349609375,152.23265075683594,714.6300048828125,118.7323226928711
2021-08-06,145.92701721191406,288.3793334960937,3344.93994140625,2714.77001953125,203.5991668701172,156.55661010742188,699.0999755859375,117.72645568847656
2021-08-09,145.87709045410156,287.2535095214844,3341.8701171875,2738.260009765625,202.88937377929688,156.38763427734375,713.760009765625,117.73641967773438
2021-08-10,145.3878173828125,285.37060546875,3320.679931640625,2736.139892578125,199.30044555664065,158.30606079101562,709.989990234375,115.88402557373048
2021-08-11,145.64743041992188,285.87872314453125,3292.110107421875,2725.580078125,196.93115234375,160.19468688964844,707.8200073242188,115.51553344726562
2021-08-12,148.6730194091797,288.72802734375,3303.5,2743.8798828125,198.99053955078125,160.82090759277344,722.25,115.22672271728516
2021-08-13,148.88272094726562,291.75665283203125,3293.969970703125,2754.550048828125,201.8197021484375,159.02174377441406,717.1699829101562,115.0275421142578
2021-08-16,150.89976501464844,293.5001525878906,3298.989990234375,2766.18994140625,199.44039916992188,157.97804260253906,686.1699829101562,114.16109466552734
2021-08-17,149.97113037109375,291.9858093261719,3241.9599609375,2733.22998046875,194.5218811035156,156.0695343017578,665.7100219726562,110.65550231933594
2021-08-18,146.14669799804688,290.1990966796875,3201.219970703125,2708.97998046875,190.34310913085935,154.6481170654297,688.989990234375,109.99819946289062
2021-08-19,146.4862060546875,296.22802734375,3187.75,2713.60009765625,197.92086791992188,153.35589599609375,673.469970703125,110.06790924072266
2021-08-20,147.9740447998047,303.8041687011719,3199.949951171875,2748.590087890625,208.0978240966797,153.7932586669922,680.260009765625,107.677734375
2021-08-23,149.49183654785156,304.0936584472656,3265.8701171875,2800.830078125,219.514404296875,155.7613983154297,706.2999877929688,110.50611114501952
2021-08-24,149.40194702148438,302.0673522949219,3305.780029296875,2825.22998046875,217.8648834228516,156.7255859375,708.489990234375,111.6514129638672
2021-08-25,148.14378356933594,301.45849609375,3299.179931640625,2841.580078125,222.06365966796875,159.95611572265625,711.2000122070312,116.55128479003906
2021-08-26,147.32498168945312,298.5438232421875,3316.0,2828.81005859375,220.6140594482422,160.78115844726562,701.1599731445312,117.61690521240234
2021-08-27,148.38345336914062,299.17266845703125,3349.6298828125,2880.080078125,226.2923889160156,162.0733642578125,711.9199829101562,118.00531005859376
2021-08-30,152.8968505859375,303.0355834960937,3421.570068359375,2891.81005859375,226.81224060058597,159.47900390625,730.9099731445312,118.50326538085938
2021-08-31,151.60873413085938,301.3287353515625,3470.7900390625,2893.949951171875,223.82260131835935,158.99192810058594,735.719970703125,118.52318572998048
2021-09-01,152.28773498535156,301.27880859375,3479.0,2904.31005859375,224.3825225830078,158.7633056640625,734.0900268554688,119.96725463867188
2021-09-02,153.4260711669922,300.6000366210937,3463.1201171875,2865.739990234375,223.93258666992188,159.49888610839844,732.3900146484375,120.29590606689452
2021-09-03,154.07513427734375,300.590087890625,3478.050048828125,2874.7900390625,228.4020233154297,158.53469848632812,733.5700073242188,123.46289825439452
2021-09-07,156.46165466308594,299.6318054199219,3509.2900390625,2885.610107421875,226.59225463867188,158.25637817382812,752.9199829101562,124.18990325927734
2021-09-08,154.8839569091797,299.6617431640625,3525.5,2873.820068359375,223.36265563964844,157.5506134033203,753.8699951171875,121.3914031982422
2021-09-09,153.84547424316406,296.7071838378906,3484.159912109375,2870.820068359375,221.74285888671875,158.23648071289062,754.8599853515625,122.17816925048828
2021-09-10,148.75289916992188,295.16998291015625,3469.14990234375,2817.52001953125,224.75247192382807,156.41744995117188,736.27001953125,122.46698760986328
2021-09-13,149.33206176757812,296.4476318359375,3457.169921875,2846.64990234375,221.49288940429688,158.9024658203125,743.0,123.11432647705078
2021-09-14,147.9041290283203,299.2425537109375,3450.0,2850.889892578125,222.39276123046875,156.1291961669922,744.489990234375,122.58649444580078
2021-09-15,148.81280517578125,304.26336669921875,3475.7900390625,2888.590087890625,223.3826446533203,157.21266174316406,755.8300170898438,121.00299835205078
2021-09-16,148.57315063476562,304.6626281738281,3488.239990234375,2872.199951171875,222.39276123046875,157.14306640625,756.989990234375,120.79000091552734
2021-09-17,145.84713745117188,299.3223876953125,3462.52001953125,2816.0,218.9731903076172,156.7355194091797,759.489990234375,117.75
2021-09-20,142.731689453125,293.7625427246094,3355.72998046875,2774.389892578125,211.10415649414065,152.04380798339844,730.1699829101562,114.6999969482422
2021-09-21,143.22096252441406,294.2616271972656,3343.6298828125,2780.659912109375,212.4339904785156,152.0636749267578,739.3800048828125,114.95999908447266
2021-09-22,145.637451171875,298.03472900390625,3380.050048828125,2805.669921875,219.38314819335935,154.97613525390625,751.9400024414062,115.87000274658205
2021-09-23,146.61602783203125,299.012939453125,3416.0,2824.320068359375,224.79248046875,160.2145538330078,753.6400146484375,116.19000244140624
2021-09-24,146.7058868408203,298.8033447265625,3425.52001953125,2844.300048828125,220.782958984375,162.06341552734375,774.3900146484375,115.63999938964844
2021-09-27,145.15814208984375,293.6328125,3405.800048828125,2821.43994140625,216.573486328125,165.97982788085938,791.3599853515625,116.1500015258789
2021-09-28,141.70318603515625,283.0022277832031,3315.9599609375,2716.60009765625,206.96466064453125,165.08522033691406,777.5599975585938,111.9000015258789
2021-09-29,142.62185668945312,283.4813537597656,3301.1201171875,2687.070068359375,205.14488220214844,164.95599365234375,781.3099975585938,111.62000274658205
2021-09-30,141.29379272460938,281.4051818847656,3285.0400390625,2673.52001953125,207.1346435546875,162.70953369140625,775.47998046875,111.6500015258789
2021-10-01,142.44210815429688,288.5720520019531,3283.260009765625,2730.860107421875,207.3946075439453,166.12893676757812,775.219970703125,111.55999755859376
2021-10-04,138.93722534179688,282.5929870605469,3189.780029296875,2673.18994140625,197.2958526611328,165.9499969482422,781.530029296875,109.0199966430664
2021-10-05,140.90435791015625,288.2326965332031,3221.0,2720.4599609375,204.4849548339844,168.66000366210938,780.5900268554688,109.26000213623048
2021-10-06,141.79306030273438,292.57470703125,3262.010009765625,2751.300048828125,206.9746551513672,169.02000427246094,782.75,109.33999633789062
2021-10-07,143.0811767578125,294.3115539550781,3302.429931640625,2784.5,210.7241973876953,170.08999633789062,793.6099853515625,110.83000183105467
2021-10-08,142.69174194335938,294.3115539550781,3288.6201171875,2795.7099609375,208.2845001220703,170.22000122070312,785.489990234375,110.04000091552734
2021-10-11,142.6018829345703,293.69268798828125,3246.300048828125,2778.280029296875,206.92466735839844,166.63999938964844,791.9400024414062,110.26000213623048
2021-10-12,141.30377197265625,292.3451538085937,3247.330078125,2728.97998046875,206.6846923828125,165.36000061035156,805.719970703125,109.1999969482422
2021-10-13,140.70465087890625,295.7688903808594,3284.280029296875,2751.639892578125,209.36436462402344,161.0,811.0800170898438,109.9800033569336
2021-10-14,143.5504913330078,302.1971130371094,3299.860107421875,2823.02001953125,217.43338012695312,163.47000122070312,818.3200073242188,112.55999755859376
2021-10-15,144.62892150878906,303.6544494628906,3409.02001953125,2827.360107421875,218.59323120117188,166.61000061035156,843.030029296875,114.86000061035156
2021-10-18,146.33642578125,306.7288513183594,3446.739990234375,2855.56005859375,222.1927947998047,166.5500030517578,870.1099853515625,115.33999633789062
2021-10-19,148.54319763183594,307.6671447753906,3444.14990234375,2864.739990234375,222.87271118164065,168.57000732421875,864.27001953125,116.95999908447266
2021-10-20,149.04248046875,306.8486328125,3415.06005859375,2835.3798828125,221.00294494628903,170.83999633789062,865.7999877929688,115.58999633789062
2021-10-21,149.26214599609375,310.1925048828125,3435.010009765625,2837.719970703125,226.8922119140625,169.5,894.0,116.29000091552734
2021-10-22,148.4733123779297,308.5954284667969,3335.550048828125,2751.330078125,227.232177734375,171.77999877929688,909.6799926757812,114.2300033569336
2021-10-25,148.4233856201172,307.5673217773437,3320.3701171875,2748.93994140625,231.6316375732422,170.94000244140625,1024.8599853515625,113.63999938964844
2021-10-26,149.10240173339844,309.5436706542969,3376.070068359375,2786.169921875,247.1397399902344,171.39999389648438,1018.4299926757812,114.18000030517578
2021-10-27,148.63308715820312,322.5798645019531,3392.489990234375,2924.35009765625,244.4800567626953,167.8300018310547,1037.8599853515625,113.75
2021-10-28,152.34765625,323.7576904296875,3446.570068359375,2916.97998046875,249.3794708251953,170.36000061035156,1077.0400390625,116.01000213623048
2021-10-29,149.58169555664062,331.014404296875,3372.429931640625,2960.919921875,255.63870239257807,169.88999938964844,1114.0,113.6999969482422
2021-11-01,148.742919921875,328.7685241699219,3318.110107421875,2869.93994140625,258.2383728027344,169.8000030517578,1208.5899658203125,114.12000274658205
2021-11-02,149.80137634277344,332.52166748046875,3312.75,2908.64990234375,263.9776916503906,170.47000122070312,1172.0,114.11000061035156
2021-11-03,151.2692413330078,333.3900451660156,3384.0,2931.9599609375,265.94744873046875,170.52999877929688,1213.8599853515625,114.01000213623048
2021-11-04,150.74000549316406,335.8255920410156,3477.0,2965.35009765625,297.9735107421875,168.2899932861328,1229.9100341796875,117.79000091552734
2021-11-05,151.27999877929688,335.4462890625,3518.989990234375,2977.0400390625,297.4835510253906,168.0500030517578,1222.0899658203125,117.8000030517578
2021-11-08,150.44000244140625,336.3746032714844,3488.97998046875,2980.6201171875,308.0022888183594,169.05999755859375,1162.93994140625,120.91000366210938
2021-11-09,150.80999755859375,335.3365173339844,3576.22998046875,2978.3701171875,306.532470703125,167.77999877929688,1023.5,121.77999877929688
2021-11-10,147.9199981689453,330.1958923339844,3482.050048828125,2917.8701171875,294.5539245605469,167.6199951171875,1067.949951171875,118.1999969482422
2021-11-11,147.8699951171875,331.8229064941406,3472.5,2915.330078125,303.86279296875,167.61000061035156,1063.510009765625,118.19000244140624
2021-11-12,149.99000549316406,336.1051025390625,3525.14990234375,2973.56005859375,303.86279296875,166.86000061035156,1033.4200439453125,118.69000244140624
2021-11-15,150.0,335.456298828125,3545.679931640625,2969.0400390625,300.2132263183594,166.55999755859375,1013.3900146484376,118.12000274658205
2021-11-16,151.0,338.8900146484375,3540.699951171875,2957.52001953125,301.9930114746094,165.36000061035156,1054.72998046875,118.08000183105467
2021-11-17,153.49000549316406,339.1199951171875,3549.0,2960.93994140625,292.5741577148437,164.47000122070312,1089.010009765625,119.05999755859376
2021-11-18,157.8699951171875,341.2699890136719,3696.06005859375,2996.77001953125,316.7112121582031,163.0500030517578,1096.3800048828125,123.38999938964844
2021-11-19,160.5500030517578,343.1099853515625,3676.570068359375,2978.530029296875,329.80963134765625,160.9199981689453,1137.06005859375,124.26000213623048
2021-11-22,161.02000427246094,339.8299865722656,3572.570068359375,2926.0400390625,319.5208740234375,164.35000610351562,1156.8699951171875,124.75
2021-11-23,161.41000366210938,337.67999267578125,3580.0400390625,2915.639892578125,317.4211120605469,168.27999877929688,1109.030029296875,121.36000061035156
2021-11-24,161.94000244140625,337.9100036621094,3580.409912109375,2922.39990234375,326.6999816894531,166.9600067138672,1116.0,120.70999908447266
2021-11-26,156.80999755859375,329.67999267578125,3504.56005859375,2843.659912109375,314.9914245605469,161.92999267578125,1081.9200439453125,117.08999633789062
2021-11-29,160.24000549316406,336.6300048828125,3561.570068359375,2910.610107421875,333.7191467285156,161.22999572753906,1136.989990234375,119.27999877929688
2021-11-30,165.3000030517578,330.5899963378906,3507.070068359375,2837.949951171875,326.7200012207031,158.8300018310547,1144.760009765625,117.1500015258789
2021-12-01,164.77000427246094,330.0799865722656,3443.719970703125,2821.030029296875,314.3500061035156,157.88999938964844,1095.0,120.62999725341795
2021-12-02,163.75999450683594,329.489990234375,3437.360107421875,2859.320068359375,321.260009765625,161.2100067138672,1084.5999755859375,121.6999969482422
2021-12-03,161.83999633789062,323.010009765625,3389.7900390625,2840.030029296875,306.92999267578125,158.2899932861328,1014.969970703125,119.33000183105467
2021-12-06,165.32000732421875,326.19000244140625,3427.3701171875,2863.10009765625,300.3699951171875,160.16000366210938,1009.010009765625,119.13999938964844
2021-12-07,171.17999267578125,334.9200134277344,3523.2900390625,2945.389892578125,324.2699890136719,162.57000732421875,1051.75,122.31999969482422
2021-12-08,175.0800018310547,334.9700012207031,3523.159912109375,2963.72998046875,318.260009765625,160.7100067138672,1068.9599609375,121.8000030517578
2021-12-09,174.55999755859375,333.1000061035156,3483.419921875,2952.77001953125,304.8999938964844,160.4600067138672,1003.7999877929688,119.5
